Pin,Pin Name,Bank,I/O Type
AW12,GTYP_LPD_REFCLKN0_102,102,GTYP
AU12,GTYP_LPD_REFCLKN1_102,102,GTYP
AW13,GTYP_LPD_REFCLKP0_102,102,GTYP
AU13,GTYP_LPD_REFCLKP1_102,102,GTYP
BE3,GTYP_LPD_RXN0_102,102,GTYP
BD1,GTYP_LPD_RXN1_102,102,GTYP
BC3,GTYP_LPD_RXN2_102,102,GTYP
BB1,GTYP_LPD_RXN3_102,102,GTYP
BE4,GTYP_LPD_RXP0_102,102,GTYP
BD2,GTYP_LPD_RXP1_102,102,GTYP
BC4,GTYP_LPD_RXP2_102,102,GTYP
BB2,GTYP_LPD_RXP3_102,102,GTYP
BE8,GTYP_LPD_TXN0_102,102,GTYP
BD6,GTYP_LPD_TXN1_102,102,GTYP
BC8,GTYP_LPD_TXN2_102,102,GTYP
BB6,GTYP_LPD_TXN3_102,102,GTYP
BE9,GTYP_LPD_TXP0_102,102,GTYP
BD7,GTYP_LPD_TXP1_102,102,GTYP
BC9,GTYP_LPD_TXP2_102,102,GTYP
BB7,GTYP_LPD_TXP3_102,102,GTYP
AT10,GTYP_LPD_REFCLKN0_103,103,GTYP
AR12,GTYP_LPD_REFCLKN1_103,103,GTYP
AT11,GTYP_LPD_REFCLKP0_103,103,GTYP
AR13,GTYP_LPD_REFCLKP1_103,103,GTYP
BA3,GTYP_LPD_RXN0_103,103,GTYP
AY1,GTYP_LPD_RXN1_103,103,GTYP
AY5,GTYP_LPD_RXN2_103,103,GTYP
AW3,GTYP_LPD_RXN3_103,103,GTYP
BA4,GTYP_LPD_RXP0_103,103,GTYP
AY2,GTYP_LPD_RXP1_103,103,GTYP
AY6,GTYP_LPD_RXP2_103,103,GTYP
AW4,GTYP_LPD_RXP3_103,103,GTYP
BB10,GTYP_LPD_TXN0_103,103,GTYP
BA8,GTYP_LPD_TXN1_103,103,GTYP
AY10,GTYP_LPD_TXN2_103,103,GTYP
AW8,GTYP_LPD_TXN3_103,103,GTYP
BB11,GTYP_LPD_TXP0_103,103,GTYP
BA9,GTYP_LPD_TXP1_103,103,GTYP
AY11,GTYP_LPD_TXP2_103,103,GTYP
AW9,GTYP_LPD_TXP3_103,103,GTYP
AP10,GTYP_LPD_REFCLKN0_104,104,GTYP
AK10,GTYP_LPD_REFCLKN1_104,104,GTYP
AP11,GTYP_LPD_REFCLKP0_104,104,GTYP
AK11,GTYP_LPD_REFCLKP1_104,104,GTYP
AU3,GTYP_LPD_RXN0_104,104,GTYP
AT1,GTYP_LPD_RXN1_104,104,GTYP
AR3,GTYP_LPD_RXN2_104,104,GTYP
AP1,GTYP_LPD_RXN3_104,104,GTYP
AU4,GTYP_LPD_RXP0_104,104,GTYP
AT2,GTYP_LPD_RXP1_104,104,GTYP
AR4,GTYP_LPD_RXP2_104,104,GTYP
AP2,GTYP_LPD_RXP3_104,104,GTYP
AU8,GTYP_LPD_TXN0_104,104,GTYP
AT6,GTYP_LPD_TXN1_104,104,GTYP
AR8,GTYP_LPD_TXN2_104,104,GTYP
AP6,GTYP_LPD_TXN3_104,104,GTYP
AU9,GTYP_LPD_TXP0_104,104,GTYP
AT7,GTYP_LPD_TXP1_104,104,GTYP
AR9,GTYP_LPD_TXP2_104,104,GTYP
AP7,GTYP_LPD_TXP3_104,104,GTYP
AV10,GTYP_LPD_AVTTRCAL_RLC,105,NA
AJ12,GTYP_LPD_REFCLKN0_105,105,GTYP
AH10,GTYP_LPD_REFCLKN1_105,105,GTYP
AJ13,GTYP_LPD_REFCLKP0_105,105,GTYP
AH11,GTYP_LPD_REFCLKP1_105,105,GTYP
AV11,GTYP_LPD_RREF_RLC,105,GTYP
AN3,GTYP_LPD_RXN0_105,105,GTYP
AM1,GTYP_LPD_RXN1_105,105,GTYP
AL3,GTYP_LPD_RXN2_105,105,GTYP
AK1,GTYP_LPD_RXN3_105,105,GTYP
AN4,GTYP_LPD_RXP0_105,105,GTYP
AM2,GTYP_LPD_RXP1_105,105,GTYP
AL4,GTYP_LPD_RXP2_105,105,GTYP
AK2,GTYP_LPD_RXP3_105,105,GTYP
AN8,GTYP_LPD_TXN0_105,105,GTYP
AM6,GTYP_LPD_TXN1_105,105,GTYP
AL8,GTYP_LPD_TXN2_105,105,GTYP
AK6,GTYP_LPD_TXN3_105,105,GTYP
AN9,GTYP_LPD_TXP0_105,105,GTYP
AM7,GTYP_LPD_TXP1_105,105,GTYP
AL9,GTYP_LPD_TXP2_105,105,GTYP
AK7,GTYP_LPD_TXP3_105,105,GTYP
AH13,GTYP_AVCCAUX_RC,NA,NA
AK13,GTYP_AVCCAUX_RC,NA,NA
AL13,GTYP_AVCC_RC,NA,NA
AM13,GTYP_AVCC_RC,NA,NA
AM10,GTYP_AVTTRCAL_RC,106,NA
AJ11,GTYP_AVTT_RC,NA,NA
AL11,GTYP_AVTT_RC,NA,NA
AF10,GTYP_REFCLKN0_106,106,GTYP
AE12,GTYP_REFCLKN1_106,106,GTYP
AF11,GTYP_REFCLKP0_106,106,GTYP
AE13,GTYP_REFCLKP1_106,106,GTYP
AM11,GTYP_RREF_RC,106,GTYP
AJ3,GTYP_RXN0_106,106,GTYP
AH1,GTYP_RXN1_106,106,GTYP
AG3,GTYP_RXN2_106,106,GTYP
AF1,GTYP_RXN3_106,106,GTYP
AJ4,GTYP_RXP0_106,106,GTYP
AH2,GTYP_RXP1_106,106,GTYP
AG4,GTYP_RXP2_106,106,GTYP
AF2,GTYP_RXP3_106,106,GTYP
AJ8,GTYP_TXN0_106,106,GTYP
AH6,GTYP_TXN1_106,106,GTYP
AG8,GTYP_TXN2_106,106,GTYP
AF6,GTYP_TXN3_106,106,GTYP
AJ9,GTYP_TXP0_106,106,GTYP
AH7,GTYP_TXP1_106,106,GTYP
AG9,GTYP_TXP2_106,106,GTYP
AF7,GTYP_TXP3_106,106,GTYP
T10,GTYP_REFCLKN0_109,109,GTYP
P10,GTYP_REFCLKN1_109,109,GTYP
T11,GTYP_REFCLKP0_109,109,GTYP
P11,GTYP_REFCLKP1_109,109,GTYP
A6,GTYP_RXN0_109,109,GTYP
A8,GTYP_RXN1_109,109,GTYP
A10,GTYP_RXN2_109,109,GTYP
A12,GTYP_RXN3_109,109,GTYP
B6,GTYP_RXP0_109,109,GTYP
B8,GTYP_RXP1_109,109,GTYP
B10,GTYP_RXP2_109,109,GTYP
B12,GTYP_RXP3_109,109,GTYP
D9,GTYP_TXN0_109,109,GTYP
F10,GTYP_TXN1_109,109,GTYP
D11,GTYP_TXN2_109,109,GTYP
F12,GTYP_TXN3_109,109,GTYP
E9,GTYP_TXP0_109,109,GTYP
G10,GTYP_TXP1_109,109,GTYP
E11,GTYP_TXP2_109,109,GTYP
G12,GTYP_TXP3_109,109,GTYP
R12,GTYP_AVTTRCAL_RN,110,NA
N12,GTYP_REFCLKN0_110,110,GTYP
M10,GTYP_REFCLKN1_110,110,GTYP
N13,GTYP_REFCLKP0_110,110,GTYP
M11,GTYP_REFCLKP1_110,110,GTYP
R13,GTYP_RREF_RN,110,GTYP
C15,GTYP_RXN0_110,110,GTYP
A14,GTYP_RXN1_110,110,GTYP
C17,GTYP_RXN2_110,110,GTYP
A16,GTYP_RXN3_110,110,GTYP
D15,GTYP_RXP0_110,110,GTYP
B14,GTYP_RXP1_110,110,GTYP
D17,GTYP_RXP2_110,110,GTYP
B16,GTYP_RXP3_110,110,GTYP
D13,GTYP_TXN0_110,110,GTYP
F14,GTYP_TXN1_110,110,GTYP
F16,GTYP_TXN2_110,110,GTYP
F18,GTYP_TXN3_110,110,GTYP
E13,GTYP_TXP0_110,110,GTYP
G14,GTYP_TXP1_110,110,GTYP
G16,GTYP_TXP2_110,110,GTYP
G18,GTYP_TXP3_110,110,GTYP
L12,GTYP_REFCLKN0_111,111,GTYP
K10,GTYP_REFCLKN1_111,111,GTYP
L13,GTYP_REFCLKP0_111,111,GTYP
K11,GTYP_REFCLKP1_111,111,GTYP
A18,GTYP_RXN0_111,111,GTYP
A20,GTYP_RXN1_111,111,GTYP
A22,GTYP_RXN2_111,111,GTYP
A24,GTYP_RXN3_111,111,GTYP
B18,GTYP_RXP0_111,111,GTYP
B20,GTYP_RXP1_111,111,GTYP
B22,GTYP_RXP2_111,111,GTYP
B24,GTYP_RXP3_111,111,GTYP
D19,GTYP_TXN0_111,111,GTYP
F20,GTYP_TXN1_111,111,GTYP
D21,GTYP_TXN2_111,111,GTYP
F22,GTYP_TXN3_111,111,GTYP
E19,GTYP_TXP0_111,111,GTYP
G20,GTYP_TXP1_111,111,GTYP
E21,GTYP_TXP2_111,111,GTYP
G22,GTYP_TXP3_111,111,GTYP
H13,GTYP_REFCLKN0_112,112,GTYP
H15,GTYP_REFCLKN1_112,112,GTYP
J13,GTYP_REFCLKP0_112,112,GTYP
J15,GTYP_REFCLKP1_112,112,GTYP
C25,GTYP_RXN0_112,112,GTYP
A26,GTYP_RXN1_112,112,GTYP
C27,GTYP_RXN2_112,112,GTYP
A28,GTYP_RXN3_112,112,GTYP
D25,GTYP_RXP0_112,112,GTYP
B26,GTYP_RXP1_112,112,GTYP
D27,GTYP_RXP2_112,112,GTYP
B28,GTYP_RXP3_112,112,GTYP
D23,GTYP_TXN0_112,112,GTYP
F24,GTYP_TXN1_112,112,GTYP
F26,GTYP_TXN2_112,112,GTYP
F28,GTYP_TXN3_112,112,GTYP
E23,GTYP_TXP0_112,112,GTYP
G24,GTYP_TXP1_112,112,GTYP
G26,GTYP_TXP2_112,112,GTYP
G28,GTYP_TXP3_112,112,GTYP
BE45,GTYP_REFCLKN0_200,200,GTYP
BD47,GTYP_REFCLKN1_200,200,GTYP
BE44,GTYP_REFCLKP0_200,200,GTYP
BD46,GTYP_REFCLKP1_200,200,GTYP
BT56,GTYP_RXN0_200,200,GTYP
BP56,GTYP_RXN1_200,200,GTYP
BN58,GTYP_RXN2_200,200,GTYP
BL58,GTYP_RXN3_200,200,GTYP
BT55,GTYP_RXP0_200,200,GTYP
BP55,GTYP_RXP1_200,200,GTYP
BN57,GTYP_RXP2_200,200,GTYP
BL57,GTYP_RXP3_200,200,GTYP
BV51,GTYP_TXN0_200,200,GTYP
BU53,GTYP_TXN1_200,200,GTYP
BT51,GTYP_TXN2_200,200,GTYP
BR53,GTYP_TXN3_200,200,GTYP
BV50,GTYP_TXP0_200,200,GTYP
BU52,GTYP_TXP1_200,200,GTYP
BT50,GTYP_TXP2_200,200,GTYP
BR52,GTYP_TXP3_200,200,GTYP
BC45,GTYP_AVTTRCAL_LS,201,NA
BB47,GTYP_REFCLKN0_201,201,GTYP
BA45,GTYP_REFCLKN1_201,201,GTYP
BB46,GTYP_REFCLKP0_201,201,GTYP
BA44,GTYP_REFCLKP1_201,201,GTYP
BC44,GTYP_RREF_LS,201,GTYP
BK56,GTYP_RXN0_201,201,GTYP
BJ58,GTYP_RXN1_201,201,GTYP
BH56,GTYP_RXN2_201,201,GTYP
BG58,GTYP_RXN3_201,201,GTYP
BK55,GTYP_RXP0_201,201,GTYP
BJ57,GTYP_RXP1_201,201,GTYP
BH55,GTYP_RXP2_201,201,GTYP
BG57,GTYP_RXP3_201,201,GTYP
BM55,GTYP_TXN0_201,201,GTYP
BN53,GTYP_TXN1_201,201,GTYP
BL53,GTYP_TXN2_201,201,GTYP
BJ53,GTYP_TXN3_201,201,GTYP
BM54,GTYP_TXP0_201,201,GTYP
BN52,GTYP_TXP1_201,201,GTYP
BL52,GTYP_TXP2_201,201,GTYP
BJ52,GTYP_TXP3_201,201,GTYP
AW45,GTM_REFCLKN0_202,202,GTM
AV47,GTM_REFCLKN1_202,202,GTM
AW44,GTM_REFCLKP0_202,202,GTM
AV46,GTM_REFCLKP1_202,202,GTM
BE58,GTM_RXN0_202,,202
BD56,GTM_RXN1_202,,202
BC58,GTM_RXN2_202,,202
BC54,GTM_RXN3_202,,202
BE57,GTM_RXP0_202,,202
BD55,GTM_RXP1_202,,202
BC57,GTM_RXP2_202,,202
BC53,GTM_RXP3_202,,202
BG53,GTM_TXN0_202,,202
BF55,GTM_TXN1_202,,202
BE53,GTM_TXN2_202,,202
BD51,GTM_TXN3_202,,202
BG52,GTM_TXP0_202,,202
BF54,GTM_TXP1_202,,202
BE52,GTM_TXP2_202,,202
BD50,GTM_TXP3_202,,202
AY47,GTM_AVTTRCAL_LLC,203,NA
AU45,GTM_REFCLKN0_203,203,GTM
AT47,GTM_REFCLKN1_203,203,GTM
AU44,GTM_REFCLKP0_203,203,GTM
AT46,GTM_REFCLKP1_203,203,GTM
AY46,GTM_RREF_LLC,203,GTM
BB56,GTM_RXN0_203,,203
BA58,GTM_RXN1_203,,203
AY56,GTM_RXN2_203,,203
AW58,GTM_RXN3_203,,203
BB55,GTM_RXP0_203,,203
BA57,GTM_RXP1_203,,203
AY55,GTM_RXP2_203,,203
AW57,GTM_RXP3_203,,203
BB51,GTM_TXN0_203,,203
BA53,GTM_TXN1_203,,203
AY51,GTM_TXN2_203,,203
AW53,GTM_TXN3_203,,203
BB50,GTM_TXP0_203,,203
BA52,GTM_TXP1_203,,203
AY50,GTM_TXP2_203,,203
AW52,GTM_TXP3_203,,203
AR45,GTM_REFCLKN0_204,204,GTM
AP47,GTM_REFCLKN1_204,204,GTM
AR44,GTM_REFCLKP0_204,204,GTM
AP46,GTM_REFCLKP1_204,204,GTM
AV56,GTM_RXN0_204,,204
AU58,GTM_RXN1_204,,204
AT56,GTM_RXN2_204,,204
AR58,GTM_RXN3_204,,204
AV55,GTM_RXP0_204,,204
AU57,GTM_RXP1_204,,204
AT55,GTM_RXP2_204,,204
AR57,GTM_RXP3_204,,204
AV51,GTM_TXN0_204,,204
AU53,GTM_TXN1_204,,204
AT51,GTM_TXN2_204,,204
AR53,GTM_TXN3_204,,204
AV50,GTM_TXP0_204,,204
AU52,GTM_TXP1_204,,204
AT50,GTM_TXP2_204,,204
AR52,GTM_TXP3_204,,204
AN45,GTM_REFCLKN0_205,205,GTM
AM47,GTM_REFCLKN1_205,205,GTM
AN44,GTM_REFCLKP0_205,205,GTM
AM46,GTM_REFCLKP1_205,205,GTM
AP56,GTM_RXN0_205,,205
AN58,GTM_RXN1_205,,205
AM56,GTM_RXN2_205,,205
AL58,GTM_RXN3_205,,205
AP55,GTM_RXP0_205,,205
AN57,GTM_RXP1_205,,205
AM55,GTM_RXP2_205,,205
AL57,GTM_RXP3_205,,205
AP51,GTM_TXN0_205,,205
AN53,GTM_TXN1_205,,205
AM51,GTM_TXN2_205,,205
AL53,GTM_TXN3_205,,205
AP50,GTM_TXP0_205,,205
AN52,GTM_TXP1_205,,205
AM50,GTM_TXP2_205,,205
AL52,GTM_TXP3_205,,205
AK47,GTM_REFCLKN0_206,206,GTM
AJ45,GTM_REFCLKN1_206,206,GTM
AK46,GTM_REFCLKP0_206,206,GTM
AJ44,GTM_REFCLKP1_206,206,GTM
AK56,GTM_RXN0_206,,206
AJ58,GTM_RXN1_206,,206
AH56,GTM_RXN2_206,,206
AG58,GTM_RXN3_206,,206
AK55,GTM_RXP0_206,,206
AJ57,GTM_RXP1_206,,206
AH55,GTM_RXP2_206,,206
AG57,GTM_RXP3_206,,206
AK51,GTM_TXN0_206,,206
AJ53,GTM_TXN1_206,,206
AH51,GTM_TXN2_206,,206
AG53,GTM_TXN3_206,,206
AK50,GTM_TXP0_206,,206
AJ52,GTM_TXP1_206,,206
AH50,GTM_TXP2_206,,206
AG52,GTM_TXP3_206,,206
AB47,GTYP_REFCLKN0_207,207,GTYP
AA45,GTYP_REFCLKN1_207,207,GTYP
AB46,GTYP_REFCLKP0_207,207,GTYP
AA44,GTYP_REFCLKP1_207,207,GTYP
L58,GTYP_RXN0_207,207,GTYP
J58,GTYP_RXN1_207,207,GTYP
E58,GTYP_RXN2_207,207,GTYP
G58,GTYP_RXN3_207,207,GTYP
L57,GTYP_RXP0_207,207,GTYP
J57,GTYP_RXP1_207,207,GTYP
E57,GTYP_RXP2_207,207,GTYP
G57,GTYP_RXP3_207,207,GTYP
M55,GTYP_TXN0_207,207,GTYP
L53,GTYP_TXN1_207,207,GTYP
K55,GTYP_TXN2_207,207,GTYP
J53,GTYP_TXN3_207,207,GTYP
M54,GTYP_TXP0_207,207,GTYP
L52,GTYP_TXP1_207,207,GTYP
K54,GTYP_TXP2_207,207,GTYP
J52,GTYP_TXP3_207,207,GTYP
W45,GTYP_AVTTRCAL_LN,208,NA
Y47,GTYP_REFCLKN0_208,208,GTYP
V49,GTYP_REFCLKN1_208,208,GTYP
Y46,GTYP_REFCLKP0_208,208,GTYP
V48,GTYP_REFCLKP1_208,208,GTYP
W44,GTYP_RREF_LN,208,GTYP
E55,GTYP_RXN0_208,208,GTYP
C56,GTYP_RXN1_208,208,GTYP
C54,GTYP_RXN2_208,208,GTYP
A53,GTYP_RXN3_208,208,GTYP
F55,GTYP_RXP0_208,208,GTYP
D56,GTYP_RXP1_208,208,GTYP
D54,GTYP_RXP2_208,208,GTYP
B53,GTYP_RXP3_208,208,GTYP
H55,GTYP_TXN0_208,208,GTYP
F53,GTYP_TXN1_208,208,GTYP
D52,GTYP_TXN2_208,208,GTYP
F51,GTYP_TXN3_208,208,GTYP
H54,GTYP_TXP0_208,208,GTYP
G53,GTYP_TXP1_208,208,GTYP
E52,GTYP_TXP2_208,208,GTYP
G51,GTYP_TXP3_208,208,GTYP
U47,GTYP_REFCLKN0_209,209,GTYP
T49,GTYP_REFCLKN1_209,209,GTYP
U46,GTYP_REFCLKP0_209,209,GTYP
T48,GTYP_REFCLKP1_209,209,GTYP
A51,GTYP_RXN0_209,209,GTYP
A49,GTYP_RXN1_209,209,GTYP
A47,GTYP_RXN2_209,209,GTYP
A45,GTYP_RXN3_209,209,GTYP
B51,GTYP_RXP0_209,209,GTYP
B49,GTYP_RXP1_209,209,GTYP
B47,GTYP_RXP2_209,209,GTYP
B45,GTYP_RXP3_209,209,GTYP
D50,GTYP_TXN0_209,209,GTYP
F49,GTYP_TXN1_209,209,GTYP
D48,GTYP_TXN2_209,209,GTYP
F47,GTYP_TXN3_209,209,GTYP
E50,GTYP_TXP0_209,209,GTYP
G49,GTYP_TXP1_209,209,GTYP
E48,GTYP_TXP2_209,209,GTYP
G47,GTYP_TXP3_209,209,GTYP
R47,GTYP_REFCLKN0_210,210,GTYP
P49,GTYP_REFCLKN1_210,210,GTYP
R46,GTYP_REFCLKP0_210,210,GTYP
P48,GTYP_REFCLKP1_210,210,GTYP
A43,GTYP_RXN0_210,210,GTYP
C42,GTYP_RXN1_210,210,GTYP
A41,GTYP_RXN2_210,210,GTYP
C40,GTYP_RXN3_210,210,GTYP
B43,GTYP_RXP0_210,210,GTYP
D42,GTYP_RXP1_210,210,GTYP
B41,GTYP_RXP2_210,210,GTYP
D40,GTYP_RXP3_210,210,GTYP
F45,GTYP_TXN0_210,210,GTYP
D46,GTYP_TXN1_210,210,GTYP
F43,GTYP_TXN2_210,210,GTYP
D44,GTYP_TXN3_210,210,GTYP
G45,GTYP_TXP0_210,210,GTYP
E46,GTYP_TXP1_210,210,GTYP
G43,GTYP_TXP2_210,210,GTYP
E44,GTYP_TXP3_210,210,GTYP
N47,GTYP_REFCLKN0_211,211,GTYP
M49,GTYP_REFCLKN1_211,211,GTYP
N46,GTYP_REFCLKP0_211,211,GTYP
M48,GTYP_REFCLKP1_211,211,GTYP
A39,GTYP_RXN0_211,211,GTYP
C38,GTYP_RXN1_211,211,GTYP
A37,GTYP_RXN2_211,211,GTYP
A35,GTYP_RXN3_211,211,GTYP
B39,GTYP_RXP0_211,211,GTYP
D38,GTYP_RXP1_211,211,GTYP
B37,GTYP_RXP2_211,211,GTYP
B35,GTYP_RXP3_211,211,GTYP
F41,GTYP_TXN0_211,211,GTYP
F39,GTYP_TXN1_211,211,GTYP
F37,GTYP_TXN2_211,211,GTYP
D36,GTYP_TXN3_211,211,GTYP
G41,GTYP_TXP0_211,211,GTYP
G39,GTYP_TXP1_211,211,GTYP
G37,GTYP_TXP2_211,211,GTYP
E36,GTYP_TXP3_211,211,GTYP
L47,GTYP_REFCLKN0_212,212,GTYP
K49,GTYP_REFCLKN1_212,212,GTYP
L46,GTYP_REFCLKP0_212,212,GTYP
K48,GTYP_REFCLKP1_212,212,GTYP
A33,GTYP_RXN0_212,212,GTYP
C32,GTYP_RXN1_212,212,GTYP
A31,GTYP_RXN2_212,212,GTYP
C30,GTYP_RXN3_212,212,GTYP
B33,GTYP_RXP0_212,212,GTYP
D32,GTYP_RXP1_212,212,GTYP
B31,GTYP_RXP2_212,212,GTYP
D30,GTYP_RXP3_212,212,GTYP
F35,GTYP_TXN0_212,212,GTYP
D34,GTYP_TXN1_212,212,GTYP
F33,GTYP_TXN2_212,212,GTYP
F31,GTYP_TXN3_212,212,GTYP
G35,GTYP_TXP0_212,212,GTYP
E34,GTYP_TXP1_212,212,GTYP
G33,GTYP_TXP2_212,212,GTYP
G31,GTYP_TXP3_212,212,GTYP
M22,PMC_MIO0_500,500,PMCMIO
M19,PMC_MIO10_500,500,PMCMIO
L19,PMC_MIO11_500,500,PMCMIO
K19,PMC_MIO12_500,500,PMCMIO
J18,PMC_MIO13_500,500,PMCMIO
K18,PMC_MIO14_500,500,PMCMIO
M18,PMC_MIO15_500,500,PMCMIO
N18,PMC_MIO16_500,500,PMCMIO
M17,PMC_MIO17_500,500,PMCMIO
L17,PMC_MIO18_500,500,PMCMIO
K17,PMC_MIO19_500,500,PMCMIO
N21,PMC_MIO1_500,500,PMCMIO
J17,PMC_MIO20_500,500,PMCMIO
L16,PMC_MIO21_500,500,PMCMIO
M16,PMC_MIO22_500,500,PMCMIO
N16,PMC_MIO23_500,500,PMCMIO
N15,PMC_MIO24_500,500,PMCMIO
L15,PMC_MIO25_500,500,PMCMIO
M21,PMC_MIO2_500,500,PMCMIO
L21,PMC_MIO3_500,500,PMCMIO
J21,PMC_MIO4_500,500,PMCMIO
J20,PMC_MIO5_500,500,PMCMIO
K20,PMC_MIO6_500,500,PMCMIO
L20,PMC_MIO7_500,500,PMCMIO
N20,PMC_MIO8_500,500,PMCMIO
N19,PMC_MIO9_500,500,PMCMIO
AT16,VCCO_500,500,NA
AU16,VCCO_500,500,NA
AR17,VCCO_501,501,NA
AT17,VCCO_501,501,NA
AP16,VCCO_502,502,NA
AR15,VCCO_502,502,NA
AY15,VCC_PSFP,NA,NA
AY16,VCC_PSFP,NA,NA
BA15,VCC_PSFP,NA,NA
BA17,VCC_PSFP,NA,NA
P15,PMC_MIO26_501,501,PMCMIO
P16,PMC_MIO27_501,501,PMCMIO
P17,PMC_MIO28_501,501,PMCMIO
R17,PMC_MIO29_501,501,PMCMIO
R15,PMC_MIO30_501,501,PMCMIO
T15,PMC_MIO31_501,501,PMCMIO
T16,PMC_MIO32_501,501,PMCMIO
T17,PMC_MIO33_501,501,PMCMIO
U17,PMC_MIO34_501,501,PMCMIO
U16,PMC_MIO35_501,501,PMCMIO
V15,PMC_MIO36_501,501,PMCMIO
V16,PMC_MIO37_501,501,PMCMIO
W17,PMC_MIO38_501,501,PMCMIO
W16,PMC_MIO39_501,501,PMCMIO
W15,PMC_MIO40_501,501,PMCMIO
Y15,PMC_MIO41_501,501,PMCMIO
Y17,PMC_MIO42_501,501,PMCMIO
AA17,PMC_MIO43_501,501,PMCMIO
AA16,PMC_MIO44_501,501,PMCMIO
AA15,PMC_MIO45_501,501,PMCMIO
AB16,PMC_MIO46_501,501,PMCMIO
AB17,PMC_MIO47_501,501,PMCMIO
AC16,PMC_MIO48_501,501,PMCMIO
AC15,PMC_MIO49_501,501,PMCMIO
AD16,PMC_MIO50_501,501,PMCMIO
AD17,PMC_MIO51_501,501,PMCMIO
N29,LPD_MIO0_502,502,LPDMIO
N26,LPD_MIO10_502,502,LPDMIO
N25,LPD_MIO11_502,502,LPDMIO
L25,LPD_MIO12_502,502,LPDMIO
K25,LPD_MIO13_502,502,LPDMIO
J25,LPD_MIO14_502,502,LPDMIO
K24,LPD_MIO15_502,502,LPDMIO
L24,LPD_MIO16_502,502,LPDMIO
M24,LPD_MIO17_502,502,LPDMIO
N24,LPD_MIO18_502,502,LPDMIO
N23,LPD_MIO19_502,502,LPDMIO
N28,LPD_MIO1_502,502,LPDMIO
M23,LPD_MIO20_502,502,LPDMIO
K23,LPD_MIO21_502,502,LPDMIO
J23,LPD_MIO22_502,502,LPDMIO
J22,LPD_MIO23_502,502,LPDMIO
K22,LPD_MIO24_502,502,LPDMIO
L22,LPD_MIO25_502,502,LPDMIO
M28,LPD_MIO2_502,502,LPDMIO
M27,LPD_MIO3_502,502,LPDMIO
L27,LPD_MIO4_502,502,LPDMIO
K27,LPD_MIO5_502,502,LPDMIO
J27,LPD_MIO6_502,502,LPDMIO
J26,LPD_MIO7_502,502,LPDMIO
L26,LPD_MIO8_502,502,LPDMIO
M26,LPD_MIO9_502,502,LPDMIO
L30,DONE_503,503,PMCDIO
N30,ERROR_OUT_503,503,PMCDIO
K28,RTC_PADI_503,503,PMCDIO
J28,RTC_PADO_503,503,PMCDIO
M31,TCK_503,503,PMCDIO
L31,TDI_503,503,PMCDIO
J31,TDO_503,503,PMCDIO
N31,TMS_503,503,PMCDIO
BH4,IO_L0N_XCC_N0P1_M0P1_700,700,XPIO
BH5,IO_L0P_XCC_N0P0_M0P0_700,700,XPIO
BG6,IO_L10N_N3P3_M0P21_700,700,XPIO
BF6,IO_L10P_N3P2_M0P20_700,700,XPIO
BJ5,IO_L11N_N3P5_M0P23_700,700,XPIO
BH6,IO_L11P_N3P4_M0P22_700,700,XPIO
BH13,IO_L12N_GC_XCC_N4P1_M0P25_700,700,XPIO
BH14,IO_L12P_GC_XCC_N4P0_M0P24_700,700,XPIO
BF13,IO_L13N_N4P3_M0P27_700,700,XPIO
BF14,IO_L13P_N4P2_M0P26_700,700,XPIO
BE13,IO_L14N_N4P5_M0P29_700,700,XPIO
BD14,IO_L14P_N4P4_M0P28_700,700,XPIO
BB13,IO_L15N_XCC_N5P1_M0P31_700,700,XPIO
BB14,IO_L15P_XCC_N5P0_M0P30_700,700,XPIO
BD13,IO_L16N_N5P3_M0P33_700,700,XPIO
BC13,IO_L16P_N5P2_M0P32_700,700,XPIO
BG12,IO_L17N_N5P5_M0P35_700,700,XPIO
BG13,IO_L17P_N5P4_M0P34_700,700,XPIO
BC17,IO_L18N_XCC_N6P1_M0P37_700,700,XPIO
BB17,IO_L18P_XCC_N6P0_M0P36_700,700,XPIO
BC16,IO_L19N_N6P3_M0P39_700,700,XPIO
BD17,IO_L19P_N6P2_M0P38_700,700,XPIO
BG3,IO_L1N_N0P3_M0P3_700,700,XPIO
BG4,IO_L1P_N0P2_M0P2_700,700,XPIO
BC15,IO_L20N_N6P5_M0P41_700,700,XPIO
BB15,IO_L20P_N6P4_M0P40_700,700,XPIO
BE15,IO_L21N_XCC_N7P1_M0P43_700,700,XPIO
BD15,IO_L21P_XCC_N7P0_M0P42_700,700,XPIO
BG15,IO_L22N_N7P3_M0P45_700,700,XPIO
BF15,IO_L22P_N7P2_M0P44_700,700,XPIO
BH15,IO_L23N_N7P5_M0P47_700,700,XPIO
BG16,IO_L23P_N7P4_M0P46_700,700,XPIO
BG11,IO_L24N_GC_XCC_N8P1_M0P49_700,700,XPIO
BF12,IO_L24P_GC_XCC_N8P0_M0P48_700,700,XPIO
BE11,IO_L25N_N8P3_M0P51_700,700,XPIO
BE12,IO_L25P_N8P2_M0P50_700,700,XPIO
BG9,IO_L26N_N8P5_M0P53_700,700,XPIO
BG10,IO_L26P_N8P4_M0P52_700,700,XPIO
BJ3,IO_L2N_N0P5_M0P5_700,700,XPIO
BH3,IO_L2P_N0P4_M0P4_700,700,XPIO
BF1,IO_L3N_XCC_N1P1_M0P7_700,700,XPIO
BG2,IO_L3P_XCC_N1P0_M0P6_700,700,XPIO
BH1,IO_L4N_N1P3_M0P9_700,700,XPIO
BG1,IO_L4P_N1P2_M0P8_700,700,XPIO
BJ1,IO_L5N_N1P5_M0P11_700,700,XPIO
BJ2,IO_L5P_N1P4_M0P10_700,700,XPIO
BG8,IO_L6N_GC_XCC_N2P1_M0P13_700,700,XPIO
BH9,IO_L6P_GC_XCC_N2P0_M0P12_700,700,XPIO
BJ8,IO_L7N_N2P3_M0P15_700,700,XPIO
BJ9,IO_L7P_N2P2_M0P14_700,700,XPIO
BJ6,IO_L8N_N2P5_M0P17_700,700,XPIO
BJ7,IO_L8P_N2P4_M0P16_700,700,XPIO
BH7,IO_L9N_GC_XCC_N3P1_M0P19_700,700,XPIO
BG7,IO_L9P_GC_XCC_N3P0_M0P18_700,700,XPIO
BE16,IO_VR_700,700,XPIO
BH11,VCCO_700,700,NA
BJ10,VCCO_700,700,NA
BJ11,VCCO_700,700,NA
BK4,IO_L0N_XCC_N0P1_M0P55_701,701,XPIO
BK5,IO_L0P_XCC_N0P0_M0P54_701,701,XPIO
BR2,IO_L10N_N3P3_M0P75_701,701,XPIO
BP2,IO_L10P_N3P2_M0P74_701,701,XPIO
BP1,IO_L11N_N3P5_M0P77_701,701,XPIO
BN1,IO_L11P_N3P4_M0P76_701,701,XPIO
BM9,IO_L12N_GC_XCC_N4P1_M0P79_701,701,XPIO
BL9,IO_L12P_GC_XCC_N4P0_M0P78_701,701,XPIO
BL8,IO_L13N_N4P3_M0P81_701,701,XPIO
BK8,IO_L13P_N4P2_M0P80_701,701,XPIO
BM7,IO_L14N_N4P5_M0P83_701,701,XPIO
BL7,IO_L14P_N4P4_M0P82_701,701,XPIO
BR7,IO_L15N_XCC_N5P1_M0P85_701,701,XPIO
BP7,IO_L15P_XCC_N5P0_M0P84_701,701,XPIO
BP6,IO_L16N_N5P3_M0P87_701,701,XPIO
BN6,IO_L16P_N5P2_M0P86_701,701,XPIO
BM6,IO_L17N_N5P5_M0P89_701,701,XPIO
BL6,IO_L17P_N5P4_M0P88_701,701,XPIO
BU9,IO_L18N_XCC_N6P1_M0P91_701,701,XPIO
BT10,IO_L18P_XCC_N6P0_M0P90_701,701,XPIO
BV9,IO_L19N_N6P3_M0P93_701,701,XPIO
BV10,IO_L19P_N6P2_M0P92_701,701,XPIO
BL4,IO_L1N_N0P3_M0P57_701,701,XPIO
BL5,IO_L1P_N0P2_M0P56_701,701,XPIO
BT9,IO_L20N_N6P5_M0P95_701,701,XPIO
BR9,IO_L20P_N6P4_M0P94_701,701,XPIO
BT7,IO_L21N_XCC_N7P1_M0P97_701,701,XPIO
BR8,IO_L21P_XCC_N7P0_M0P96_701,701,XPIO
BV8,IO_L22N_N7P3_M0P99_701,701,XPIO
BU8,IO_L22P_N7P2_M0P98_701,701,XPIO
BU6,IO_L23N_N7P5_M0P101_701,701,XPIO
BU7,IO_L23P_N7P4_M0P100_701,701,XPIO
BR5,IO_L24N_GC_XCC_N8P1_M0P103_701,701,XPIO
BP5,IO_L24P_GC_XCC_N8P0_M0P102_701,701,XPIO
BT5,IO_L25N_N8P3_M0P105_701,701,XPIO
BT6,IO_L25P_N8P2_M0P104_701,701,XPIO
BV5,IO_L26N_N8P5_M0P107_701,701,XPIO
BV6,IO_L26P_N8P4_M0P106_701,701,XPIO
BM3,IO_L2N_N0P5_M0P59_701,701,XPIO
BM4,IO_L2P_N0P4_M0P58_701,701,XPIO
BM1,IO_L3N_XCC_N1P1_M0P61_701,701,XPIO
BM2,IO_L3P_XCC_N1P0_M0P60_701,701,XPIO
BL1,IO_L4N_N1P3_M0P63_701,701,XPIO
BL2,IO_L4P_N1P2_M0P62_701,701,XPIO
BK2,IO_L5N_N1P5_M0P65_701,701,XPIO
BK3,IO_L5P_N1P4_M0P64_701,701,XPIO
BN4,IO_L6N_GC_XCC_N2P1_M0P67_701,701,XPIO
BN5,IO_L6P_GC_XCC_N2P0_M0P66_701,701,XPIO
BR3,IO_L7N_N2P3_M0P69_701,701,XPIO
BR4,IO_L7P_N2P2_M0P68_701,701,XPIO
BU4,IO_L8N_N2P5_M0P71_701,701,XPIO
BT4,IO_L8P_N2P4_M0P70_701,701,XPIO
BP3,IO_L9N_GC_XCC_N3P1_M0P73_701,701,XPIO
BN3,IO_L9P_GC_XCC_N3P0_M0P72_701,701,XPIO
BN8,VCCO_701,701,NA
BN9,VCCO_701,701,NA
BP8,VCCO_701,701,NA
BV11,IO_L0N_XCC_N0P1_M0P109_702,702,XPIO
BU11,IO_L0P_XCC_N0P0_M0P108_702,702,XPIO
BT15,IO_L10N_N3P3_M0P129_702,702,XPIO
BR15,IO_L10P_N3P2_M0P128_702,702,XPIO
BT17,IO_L11N_N3P5_M0P131_702,702,XPIO
BR17,IO_L11P_N3P4_M0P130_702,702,XPIO
BL12,IO_L12N_GC_XCC_N4P1_M0P133_702,702,XPIO
BL11,IO_L12P_GC_XCC_N4P0_M0P132_702,702,XPIO
BM14,IO_L13N_N4P3_M0P135_702,702,XPIO
BL13,IO_L13P_N4P2_M0P134_702,702,XPIO
BM15,IO_L14N_N4P5_M0P137_702,702,XPIO
BL15,IO_L14P_N4P4_M0P136_702,702,XPIO
BN16,IO_L15N_XCC_N5P1_M0P139_702,702,XPIO
BM17,IO_L15P_XCC_N5P0_M0P138_702,702,XPIO
BN13,IO_L16N_N5P3_M0P141_702,702,XPIO
BM13,IO_L16P_N5P2_M0P140_702,702,XPIO
BN11,IO_L17N_N5P5_M0P143_702,702,XPIO
BM11,IO_L17P_N5P4_M0P142_702,702,XPIO
BJ13,IO_L18N_XCC_N6P1_M0P145_702,702,XPIO
BJ12,IO_L18P_XCC_N6P0_M0P144_702,702,XPIO
BJ16,IO_L19N_N6P3_M0P147_702,702,XPIO
BJ15,IO_L19P_N6P2_M0P146_702,702,XPIO
BV13,IO_L1N_N0P3_M0P111_702,702,XPIO
BU12,IO_L1P_N0P2_M0P110_702,702,XPIO
BL17,IO_L20N_N6P5_M0P149_702,702,XPIO
BK17,IO_L20P_N6P4_M0P148_702,702,XPIO
BL16,IO_L21N_XCC_N7P1_M0P151_702,702,XPIO
BK15,IO_L21P_XCC_N7P0_M0P150_702,702,XPIO
BK14,IO_L22N_N7P3_M0P153_702,702,XPIO
BK13,IO_L22P_N7P2_M0P152_702,702,XPIO
BL10,IO_L23N_N7P5_M0P155_702,702,XPIO
BK10,IO_L23P_N7P4_M0P154_702,702,XPIO
BP10,IO_L24N_GC_XCC_N8P1_M0P157_702,702,XPIO
BN10,IO_L24P_GC_XCC_N8P0_M0P156_702,702,XPIO
BP12,IO_L25N_N8P3_M0P159_702,702,XPIO
BP11,IO_L25P_N8P2_M0P158_702,702,XPIO
BP15,IO_L26N_N8P5_M0P161_702,702,XPIO
BN15,IO_L26P_N8P4_M0P160_702,702,XPIO
BU14,IO_L2N_N0P5_M0P113_702,702,XPIO
BU13,IO_L2P_N0P4_M0P112_702,702,XPIO
BV15,IO_L3N_XCC_N1P1_M0P115_702,702,XPIO
BV14,IO_L3P_XCC_N1P0_M0P114_702,702,XPIO
BU16,IO_L4N_N1P3_M0P117_702,702,XPIO
BT16,IO_L4P_N1P2_M0P116_702,702,XPIO
BV16,IO_L5N_N1P5_M0P119_702,702,XPIO
BU17,IO_L5P_N1P4_M0P118_702,702,XPIO
BT11,IO_L6N_GC_XCC_N2P1_M0P121_702,702,XPIO
BR10,IO_L6P_GC_XCC_N2P0_M0P120_702,702,XPIO
BT12,IO_L7N_N2P3_M0P123_702,702,XPIO
BR12,IO_L7P_N2P2_M0P122_702,702,XPIO
BR13,IO_L8N_N2P5_M0P125_702,702,XPIO
BP13,IO_L8P_N2P4_M0P124_702,702,XPIO
BT14,IO_L9N_GC_XCC_N3P1_M0P127_702,702,XPIO
BR14,IO_L9P_GC_XCC_N3P0_M0P126_702,702,XPIO
BN17,VCCO_702,702,NA
BP16,VCCO_702,702,NA
BP17,VCCO_702,702,NA
BT22,IO_L0N_XCC_N0P1_M1P1_703,703,XPIO
BR22,IO_L0P_XCC_N0P0_M1P0_703,703,XPIO
BT19,IO_L10N_N3P3_M1P21_703,703,XPIO
BR19,IO_L10P_N3P2_M1P20_703,703,XPIO
BR18,IO_L11N_N3P5_M1P23_703,703,XPIO
BP18,IO_L11P_N3P4_M1P22_703,703,XPIO
BJ17,IO_L12N_GC_XCC_N4P1_M1P25_703,703,XPIO
BH18,IO_L12P_GC_XCC_N4P0_M1P24_703,703,XPIO
BH19,IO_L13N_N4P3_M1P27_703,703,XPIO
BG20,IO_L13P_N4P2_M1P26_703,703,XPIO
BH22,IO_L14N_N4P5_M1P29_703,703,XPIO
BH21,IO_L14P_N4P4_M1P28_703,703,XPIO
BJ21,IO_L15N_XCC_N5P1_M1P31_703,703,XPIO
BJ20,IO_L15P_XCC_N5P0_M1P30_703,703,XPIO
BK19,IO_L16N_N5P3_M1P33_703,703,XPIO
BJ19,IO_L16P_N5P2_M1P32_703,703,XPIO
BL19,IO_L17N_N5P5_M1P35_703,703,XPIO
BK18,IO_L17P_N5P4_M1P34_703,703,XPIO
BF18,IO_L18N_XCC_N6P1_M1P37_703,703,XPIO
BE17,IO_L18P_XCC_N6P0_M1P36_703,703,XPIO
BE20,IO_L19N_N6P3_M1P39_703,703,XPIO
BE19,IO_L19P_N6P2_M1P38_703,703,XPIO
BT21,IO_L1N_N0P3_M1P3_703,703,XPIO
BT20,IO_L1P_N0P2_M1P2_703,703,XPIO
BF22,IO_L20N_N6P5_M1P41_703,703,XPIO
BE22,IO_L20P_N6P4_M1P40_703,703,XPIO
BG21,IO_L21N_XCC_N7P1_M1P43_703,703,XPIO
BF21,IO_L21P_XCC_N7P0_M1P42_703,703,XPIO
BG19,IO_L22N_N7P3_M1P45_703,703,XPIO
BF19,IO_L22P_N7P2_M1P44_703,703,XPIO
BH17,IO_L23N_N7P5_M1P47_703,703,XPIO
BG17,IO_L23P_N7P4_M1P46_703,703,XPIO
BK22,IO_L24N_GC_XCC_N8P1_M1P49_703,703,XPIO
BK21,IO_L24P_GC_XCC_N8P0_M1P48_703,703,XPIO
BL21,IO_L25N_N8P3_M1P51_703,703,XPIO
BL20,IO_L25P_N8P2_M1P50_703,703,XPIO
BM22,IO_L26N_N8P5_M1P53_703,703,XPIO
BM21,IO_L26P_N8P4_M1P52_703,703,XPIO
BU19,IO_L2N_N0P5_M1P5_703,703,XPIO
BU18,IO_L2P_N0P4_M1P4_703,703,XPIO
BU22,IO_L3N_XCC_N1P1_M1P7_703,703,XPIO
BU21,IO_L3P_XCC_N1P0_M1P6_703,703,XPIO
BV21,IO_L4N_N1P3_M1P9_703,703,XPIO
BV20,IO_L4P_N1P2_M1P8_703,703,XPIO
BV19,IO_L5N_N1P5_M1P11_703,703,XPIO
BV18,IO_L5P_N1P4_M1P10_703,703,XPIO
BM19,IO_L6N_GC_XCC_N2P1_M1P13_703,703,XPIO
BM18,IO_L6P_GC_XCC_N2P0_M1P12_703,703,XPIO
BN20,IO_L7N_N2P3_M1P15_703,703,XPIO
BN19,IO_L7P_N2P2_M1P14_703,703,XPIO
BP21,IO_L8N_N2P5_M1P17_703,703,XPIO
BN21,IO_L8P_N2P4_M1P16_703,703,XPIO
BR20,IO_L9N_GC_XCC_N3P1_M1P19_703,703,XPIO
BP20,IO_L9P_GC_XCC_N3P0_M1P18_703,703,XPIO
BN23,VCCO_703,703,NA
BP22,VCCO_703,703,NA
BP23,VCCO_703,703,NA
BN24,IO_L0N_XCC_N0P1_M1P55_704,704,XPIO
BM23,IO_L0P_XCC_N0P0_M1P54_704,704,XPIO
BU27,IO_L10N_N3P3_M1P75_704,704,XPIO
BT27,IO_L10P_N3P2_M1P74_704,704,XPIO
BV26,IO_L11N_N3P5_M1P77_704,704,XPIO
BU26,IO_L11P_N3P4_M1P76_704,704,XPIO
BE23,IO_L12N_GC_XCC_N4P1_M1P79_704,704,XPIO
BD24,IO_L12P_GC_XCC_N4P0_M1P78_704,704,XPIO
BG24,IO_L13N_N4P3_M1P81_704,704,XPIO
BF24,IO_L13P_N4P2_M1P80_704,704,XPIO
BH23,IO_L14N_N4P5_M1P83_704,704,XPIO
BG23,IO_L14P_N4P4_M1P82_704,704,XPIO
BH26,IO_L15N_XCC_N5P1_M1P85_704,704,XPIO
BH25,IO_L15P_XCC_N5P0_M1P84_704,704,XPIO
BJ25,IO_L16N_N5P3_M1P87_704,704,XPIO
BJ24,IO_L16P_N5P2_M1P86_704,704,XPIO
BK23,IO_L17N_N5P5_M1P89_704,704,XPIO
BJ23,IO_L17P_N5P4_M1P88_704,704,XPIO
BD27,IO_L18N_XCC_N6P1_M1P91_704,704,XPIO
BD26,IO_L18P_XCC_N6P0_M1P90_704,704,XPIO
BE26,IO_L19N_N6P3_M1P93_704,704,XPIO
BE25,IO_L19P_N6P2_M1P92_704,704,XPIO
BN25,IO_L1N_N0P3_M1P57_704,704,XPIO
BM25,IO_L1P_N0P2_M1P56_704,704,XPIO
BG25,IO_L20N_N6P5_M1P95_704,704,XPIO
BF25,IO_L20P_N6P4_M1P94_704,704,XPIO
BG27,IO_L21N_XCC_N7P1_M1P97_704,704,XPIO
BF27,IO_L21P_XCC_N7P0_M1P96_704,704,XPIO
BJ27,IO_L22N_N7P3_M1P99_704,704,XPIO
BH27,IO_L22P_N7P2_M1P98_704,704,XPIO
BK27,IO_L23N_N7P5_M1P101_704,704,XPIO
BK26,IO_L23P_N7P4_M1P100_704,704,XPIO
BL24,IO_L24N_GC_XCC_N8P1_M1P103_704,704,XPIO
BL23,IO_L24P_GC_XCC_N8P0_M1P102_704,704,XPIO
BL25,IO_L25N_N8P3_M1P105_704,704,XPIO
BK25,IO_L25P_N8P2_M1P104_704,704,XPIO
BM27,IO_L26N_N8P5_M1P107_704,704,XPIO
BL27,IO_L26P_N8P4_M1P106_704,704,XPIO
BR24,IO_L2N_N0P5_M1P59_704,704,XPIO
BR23,IO_L2P_N0P4_M1P58_704,704,XPIO
BV23,IO_L3N_XCC_N1P1_M1P61_704,704,XPIO
BU23,IO_L3P_XCC_N1P0_M1P60_704,704,XPIO
BU24,IO_L4N_N1P3_M1P63_704,704,XPIO
BT24,IO_L4P_N1P2_M1P62_704,704,XPIO
BV25,IO_L5N_N1P5_M1P65_704,704,XPIO
BV24,IO_L5P_N1P4_M1P64_704,704,XPIO
BN27,IO_L6N_GC_XCC_N2P1_M1P67_704,704,XPIO
BM26,IO_L6P_GC_XCC_N2P0_M1P66_704,704,XPIO
BP26,IO_L7N_N2P3_M1P69_704,704,XPIO
BP25,IO_L7P_N2P2_M1P68_704,704,XPIO
BT25,IO_L8N_N2P5_M1P71_704,704,XPIO
BR25,IO_L8P_N2P4_M1P70_704,704,XPIO
BT26,IO_L9N_GC_XCC_N3P1_M1P73_704,704,XPIO
BR27,IO_L9P_GC_XCC_N3P0_M1P72_704,704,XPIO
BN28,VCCO_704,704,NA
BP27,VCCO_704,704,NA
BP28,VCCO_704,704,NA
BV28,IO_L0N_XCC_N0P1_M1P109_705,705,XPIO
BU28,IO_L0P_XCC_N0P0_M1P108_705,705,XPIO
BR29,IO_L10N_N3P3_M1P129_705,705,XPIO
BR28,IO_L10P_N3P2_M1P128_705,705,XPIO
BT30,IO_L11N_N3P5_M1P131_705,705,XPIO
BR30,IO_L11P_N3P4_M1P130_705,705,XPIO
BG32,IO_L12N_GC_XCC_N4P1_M1P133_705,705,XPIO
BG31,IO_L12P_GC_XCC_N4P0_M1P132_705,705,XPIO
BH31,IO_L13N_N4P3_M1P135_705,705,XPIO
BH30,IO_L13P_N4P2_M1P134_705,705,XPIO
BJ29,IO_L14N_N4P5_M1P137_705,705,XPIO
BJ28,IO_L14P_N4P4_M1P136_705,705,XPIO
BJ32,IO_L15N_XCC_N5P1_M1P139_705,705,XPIO
BJ31,IO_L15P_XCC_N5P0_M1P138_705,705,XPIO
BJ33,IO_L16N_N5P3_M1P141_705,705,XPIO
BH33,IO_L16P_N5P2_M1P140_705,705,XPIO
BL32,IO_L17N_N5P5_M1P143_705,705,XPIO
BK33,IO_L17P_N5P4_M1P142_705,705,XPIO
BE29,IO_L18N_XCC_N6P1_M1P145_705,705,XPIO
BE28,IO_L18P_XCC_N6P0_M1P144_705,705,XPIO
BE32,IO_L19N_N6P3_M1P147_705,705,XPIO
BE31,IO_L19P_N6P2_M1P146_705,705,XPIO
BU29,IO_L1N_N0P3_M1P111_705,705,XPIO
BT29,IO_L1P_N0P2_M1P110_705,705,XPIO
BG33,IO_L20N_N6P5_M1P149_705,705,XPIO
BF33,IO_L20P_N6P4_M1P148_705,705,XPIO
BF31,IO_L21N_XCC_N7P1_M1P151_705,705,XPIO
BF30,IO_L21P_XCC_N7P0_M1P150_705,705,XPIO
BG28,IO_L22N_N7P3_M1P153_705,705,XPIO
BF28,IO_L22P_N7P2_M1P152_705,705,XPIO
BH29,IO_L23N_N7P5_M1P155_705,705,XPIO
BG29,IO_L23P_N7P4_M1P154_705,705,XPIO
BL29,IO_L24N_GC_XCC_N8P1_M1P157_705,705,XPIO
BL28,IO_L24P_GC_XCC_N8P0_M1P156_705,705,XPIO
BK30,IO_L25N_N8P3_M1P159_705,705,XPIO
BK29,IO_L25P_N8P2_M1P158_705,705,XPIO
BL31,IO_L26N_N8P5_M1P161_705,705,XPIO
BK31,IO_L26P_N8P4_M1P160_705,705,XPIO
BT32,IO_L2N_N0P5_M1P113_705,705,XPIO
BR32,IO_L2P_N0P4_M1P112_705,705,XPIO
BU32,IO_L3N_XCC_N1P1_M1P115_705,705,XPIO
BT31,IO_L3P_XCC_N1P0_M1P114_705,705,XPIO
BV31,IO_L4N_N1P3_M1P117_705,705,XPIO
BU31,IO_L4P_N1P2_M1P116_705,705,XPIO
BV30,IO_L5N_N1P5_M1P119_705,705,XPIO
BV29,IO_L5P_N1P4_M1P118_705,705,XPIO
BN29,IO_L6N_GC_XCC_N2P1_M1P121_705,705,XPIO
BM29,IO_L6P_GC_XCC_N2P0_M1P120_705,705,XPIO
BM31,IO_L7N_N2P3_M1P123_705,705,XPIO
BM30,IO_L7P_N2P2_M1P122_705,705,XPIO
BN32,IO_L8N_N2P5_M1P125_705,705,XPIO
BN31,IO_L8P_N2P4_M1P124_705,705,XPIO
BP31,IO_L9N_GC_XCC_N3P1_M1P127_705,705,XPIO
BP30,IO_L9P_GC_XCC_N3P0_M1P126_705,705,XPIO
BN33,VCCO_705,705,NA
BP32,VCCO_705,705,NA
BP33,VCCO_705,705,NA
BT36,IO_L0N_XCC_N0P1_M2P1_706,706,XPIO
BT35,IO_L0P_XCC_N0P0_M2P0_706,706,XPIO
BR35,IO_L10N_N3P3_M2P21_706,706,XPIO
BR34,IO_L10P_N3P2_M2P20_706,706,XPIO
BT34,IO_L11N_N3P5_M2P23_706,706,XPIO
BR33,IO_L11P_N3P4_M2P22_706,706,XPIO
BH35,IO_L12N_GC_XCC_N4P1_M2P25_706,706,XPIO
BH34,IO_L12P_GC_XCC_N4P0_M2P24_706,706,XPIO
BH38,IO_L13N_N4P3_M2P27_706,706,XPIO
BH37,IO_L13P_N4P2_M2P26_706,706,XPIO
BJ37,IO_L14N_N4P5_M2P29_706,706,XPIO
BJ36,IO_L14P_N4P4_M2P28_706,706,XPIO
BK34,IO_L15N_XCC_N5P1_M2P31_706,706,XPIO
BJ35,IO_L15P_XCC_N5P0_M2P30_706,706,XPIO
BL35,IO_L16N_N5P3_M2P33_706,706,XPIO
BK35,IO_L16P_N5P2_M2P32_706,706,XPIO
BK38,IO_L17N_N5P5_M2P35_706,706,XPIO
BK37,IO_L17P_N5P4_M2P34_706,706,XPIO
BE37,IO_L18N_XCC_N6P1_M2P37_706,706,XPIO
BD36,IO_L18P_XCC_N6P0_M2P36_706,706,XPIO
BE35,IO_L19N_N6P3_M2P39_706,706,XPIO
BD35,IO_L19P_N6P2_M2P38_706,706,XPIO
BV38,IO_L1N_N0P3_M2P3_706,706,XPIO
BU38,IO_L1P_N0P2_M2P2_706,706,XPIO
BE34,IO_L20N_N6P5_M2P41_706,706,XPIO
BD33,IO_L20P_N6P4_M2P40_706,706,XPIO
BG35,IO_L21N_XCC_N7P1_M2P43_706,706,XPIO
BF34,IO_L21P_XCC_N7P0_M2P42_706,706,XPIO
BG36,IO_L22N_N7P3_M2P45_706,706,XPIO
BF36,IO_L22P_N7P2_M2P44_706,706,XPIO
BG37,IO_L23N_N7P5_M2P47_706,706,XPIO
BF37,IO_L23P_N7P4_M2P46_706,706,XPIO
BM33,IO_L24N_GC_XCC_N8P1_M2P49_706,706,XPIO
BL33,IO_L24P_GC_XCC_N8P0_M2P48_706,706,XPIO
BL37,IO_L25N_N8P3_M2P51_706,706,XPIO
BL36,IO_L25P_N8P2_M2P50_706,706,XPIO
BM38,IO_L26N_N8P5_M2P53_706,706,XPIO
BM37,IO_L26P_N8P4_M2P52_706,706,XPIO
BU37,IO_L2N_N0P5_M2P5_706,706,XPIO
BU36,IO_L2P_N0P4_M2P4_706,706,XPIO
BV36,IO_L3N_XCC_N1P1_M2P7_706,706,XPIO
BV35,IO_L3P_XCC_N1P0_M2P6_706,706,XPIO
BV34,IO_L4N_N1P3_M2P9_706,706,XPIO
BU34,IO_L4P_N1P2_M2P8_706,706,XPIO
BV33,IO_L5N_N1P5_M2P11_706,706,XPIO
BU33,IO_L5P_N1P4_M2P10_706,706,XPIO
BM35,IO_L6N_GC_XCC_N2P1_M2P13_706,706,XPIO
BM34,IO_L6P_GC_XCC_N2P0_M2P12_706,706,XPIO
BP35,IO_L7N_N2P3_M2P15_706,706,XPIO
BN35,IO_L7P_N2P2_M2P14_706,706,XPIO
BP36,IO_L8N_N2P5_M2P17_706,706,XPIO
BN36,IO_L8P_N2P4_M2P16_706,706,XPIO
BT37,IO_L9N_GC_XCC_N3P1_M2P19_706,706,XPIO
BR37,IO_L9P_GC_XCC_N3P0_M2P18_706,706,XPIO
BN37,VCCO_706,706,NA
BP37,VCCO_706,706,NA
BP38,VCCO_706,706,NA
BN40,IO_L0N_XCC_N0P1_M2P55_707,707,XPIO
BN39,IO_L0P_XCC_N0P0_M2P54_707,707,XPIO
BV43,IO_L10N_N3P3_M2P75_707,707,XPIO
BU43,IO_L10P_N3P2_M2P74_707,707,XPIO
BV44,IO_L11N_N3P5_M2P77_707,707,XPIO
BU44,IO_L11P_N3P4_M2P76_707,707,XPIO
BE41,IO_L12N_GC_XCC_N4P1_M2P79_707,707,XPIO
BE40,IO_L12P_GC_XCC_N4P0_M2P78_707,707,XPIO
BF39,IO_L13N_N4P3_M2P81_707,707,XPIO
BE38,IO_L13P_N4P2_M2P80_707,707,XPIO
BG40,IO_L14N_N4P5_M2P83_707,707,XPIO
BG39,IO_L14P_N4P4_M2P82_707,707,XPIO
BJ40,IO_L15N_XCC_N5P1_M2P85_707,707,XPIO
BH41,IO_L15P_XCC_N5P0_M2P84_707,707,XPIO
BJ39,IO_L16N_N5P3_M2P87_707,707,XPIO
BH39,IO_L16P_N5P2_M2P86_707,707,XPIO
BL39,IO_L17N_N5P5_M2P89_707,707,XPIO
BK39,IO_L17P_N5P4_M2P88_707,707,XPIO
BG41,IO_L18N_XCC_N6P1_M2P91_707,707,XPIO
BF40,IO_L18P_XCC_N6P0_M2P90_707,707,XPIO
BG43,IO_L19N_N6P3_M2P93_707,707,XPIO
BF42,IO_L19P_N6P2_M2P92_707,707,XPIO
BR40,IO_L1N_N0P3_M2P57_707,707,XPIO
BP40,IO_L1P_N0P2_M2P56_707,707,XPIO
BH43,IO_L20N_N6P5_M2P95_707,707,XPIO
BH42,IO_L20P_N6P4_M2P94_707,707,XPIO
BK41,IO_L21N_XCC_N7P1_M2P97_707,707,XPIO
BJ41,IO_L21P_XCC_N7P0_M2P96_707,707,XPIO
BK43,IO_L22N_N7P3_M2P99_707,707,XPIO
BJ43,IO_L22P_N7P2_M2P98_707,707,XPIO
BL43,IO_L23N_N7P5_M2P101_707,707,XPIO
BK42,IO_L23P_N7P4_M2P100_707,707,XPIO
BM39,IO_L24N_GC_XCC_N8P1_M2P103_707,707,XPIO
BL40,IO_L24P_GC_XCC_N8P0_M2P102_707,707,XPIO
BM41,IO_L25N_N8P3_M2P105_707,707,XPIO
BL41,IO_L25P_N8P2_M2P104_707,707,XPIO
BM43,IO_L26N_N8P5_M2P107_707,707,XPIO
BM42,IO_L26P_N8P4_M2P106_707,707,XPIO
BR39,IO_L2N_N0P5_M2P59_707,707,XPIO
BR38,IO_L2P_N0P4_M2P58_707,707,XPIO
BT40,IO_L3N_XCC_N1P1_M2P61_707,707,XPIO
BT39,IO_L3P_XCC_N1P0_M2P60_707,707,XPIO
BV39,IO_L4N_N1P3_M2P63_707,707,XPIO
BU39,IO_L4P_N1P2_M2P62_707,707,XPIO
BV41,IO_L5N_N1P5_M2P65_707,707,XPIO
BV40,IO_L5P_N1P4_M2P64_707,707,XPIO
BP41,IO_L6N_GC_XCC_N2P1_M2P67_707,707,XPIO
BN41,IO_L6P_GC_XCC_N2P0_M2P66_707,707,XPIO
BR43,IO_L7N_N2P3_M2P69_707,707,XPIO
BR42,IO_L7P_N2P2_M2P68_707,707,XPIO
BU41,IO_L8N_N2P5_M2P71_707,707,XPIO
BT41,IO_L8P_N2P4_M2P70_707,707,XPIO
BU42,IO_L9N_GC_XCC_N3P1_M2P73_707,707,XPIO
BT42,IO_L9P_GC_XCC_N3P0_M2P72_707,707,XPIO
BN43,VCCO_707,707,NA
BP42,VCCO_707,707,NA
BP43,VCCO_707,707,NA
BR45,IO_L0N_XCC_N0P1_M2P109_708,708,XPIO
BR44,IO_L0P_XCC_N0P0_M2P108_708,708,XPIO
BP47,IO_L10N_N3P3_M2P129_708,708,XPIO
BP46,IO_L10P_N3P2_M2P128_708,708,XPIO
BR48,IO_L11N_N3P5_M2P131_708,708,XPIO
BR47,IO_L11P_N3P4_M2P130_708,708,XPIO
BJ44,IO_L12N_GC_XCC_N4P1_M2P133_708,708,XPIO
BH45,IO_L12P_GC_XCC_N4P0_M2P132_708,708,XPIO
BK45,IO_L13N_N4P3_M2P135_708,708,XPIO
BJ45,IO_L13P_N4P2_M2P134_708,708,XPIO
BJ48,IO_L14N_N4P5_M2P137_708,708,XPIO
BJ47,IO_L14P_N4P4_M2P136_708,708,XPIO
BK50,IO_L15N_XCC_N5P1_M2P139_708,708,XPIO
BK49,IO_L15P_XCC_N5P0_M2P138_708,708,XPIO
BK47,IO_L16N_N5P3_M2P141_708,708,XPIO
BK46,IO_L16P_N5P2_M2P140_708,708,XPIO
BL45,IO_L17N_N5P5_M2P143_708,708,XPIO
BL44,IO_L17P_N5P4_M2P142_708,708,XPIO
BG45,IO_L18N_XCC_N6P1_M2P145_708,708,XPIO
BG44,IO_L18P_XCC_N6P0_M2P144_708,708,XPIO
BG48,IO_L19N_N6P3_M2P147_708,708,XPIO
BG47,IO_L19P_N6P2_M2P146_708,708,XPIO
BT45,IO_L1N_N0P3_M2P111_708,708,XPIO
BT44,IO_L1P_N0P2_M2P110_708,708,XPIO
BG49,IO_L20N_N6P5_M2P149_708,708,XPIO
BF50,IO_L20P_N6P4_M2P148_708,708,XPIO
BH50,IO_L21N_XCC_N7P1_M2P151_708,708,XPIO
BG50,IO_L21P_XCC_N7P0_M2P150_708,708,XPIO
BJ49,IO_L22N_N7P3_M2P153_708,708,XPIO
BH49,IO_L22P_N7P2_M2P152_708,708,XPIO
BH47,IO_L23N_N7P5_M2P155_708,708,XPIO
BH46,IO_L23P_N7P4_M2P154_708,708,XPIO
BM50,IO_L24N_GC_XCC_N8P1_M2P157_708,708,XPIO
BL49,IO_L24P_GC_XCC_N8P0_M2P156_708,708,XPIO
BL48,IO_L25N_N8P3_M2P159_708,708,XPIO
BL47,IO_L25P_N8P2_M2P158_708,708,XPIO
BM47,IO_L26N_N8P5_M2P161_708,708,XPIO
BM46,IO_L26P_N8P4_M2P160_708,708,XPIO
BT47,IO_L2N_N0P5_M2P113_708,708,XPIO
BT46,IO_L2P_N0P4_M2P112_708,708,XPIO
BV48,IO_L3N_XCC_N1P1_M2P115_708,708,XPIO
BU48,IO_L3P_XCC_N1P0_M2P114_708,708,XPIO
BU47,IO_L4N_N1P3_M2P117_708,708,XPIO
BU46,IO_L4P_N1P2_M2P116_708,708,XPIO
BV46,IO_L5N_N1P5_M2P119_708,708,XPIO
BV45,IO_L5P_N1P4_M2P118_708,708,XPIO
BN49,IO_L6N_GC_XCC_N2P1_M2P121_708,708,XPIO
BM49,IO_L6P_GC_XCC_N2P0_M2P120_708,708,XPIO
BN48,IO_L7N_N2P3_M2P123_708,708,XPIO
BN47,IO_L7P_N2P2_M2P122_708,708,XPIO
BN45,IO_L8N_N2P5_M2P125_708,708,XPIO
BM45,IO_L8P_N2P4_M2P124_708,708,XPIO
BP45,IO_L9N_GC_XCC_N3P1_M2P127_708,708,XPIO
BN44,IO_L9P_GC_XCC_N3P0_M2P126_708,708,XPIO
BN50,VCCO_708,708,NA
BP49,VCCO_708,708,NA
BP50,VCCO_708,708,NA
A11,GND,NA,NA
A13,GND,NA,NA
A15,GND,NA,NA
A17,GND,NA,NA
A19,GND,NA,NA
A21,GND,NA,NA
A23,GND,NA,NA
A25,GND,NA,NA
A27,GND,NA,NA
A29,GND,NA,NA
A30,GND,NA,NA
A32,GND,NA,NA
A34,GND,NA,NA
A36,GND,NA,NA
A38,GND,NA,NA
A4,GND,NA,NA
A40,GND,NA,NA
A42,GND,NA,NA
A44,GND,NA,NA
A46,GND,NA,NA
A48,GND,NA,NA
A5,GND,NA,NA
A50,GND,NA,NA
A52,GND,NA,NA
A54,GND,NA,NA
A55,GND,NA,NA
A7,GND,NA,NA
A9,GND,NA,NA
AA1,GND,NA,NA
AA10,GND,NA,NA
AA14,GND,NA,NA
AA18,GND,NA,NA
AA2,GND,NA,NA
AA20,GND,NA,NA
AA22,GND,NA,NA
AA24,GND,NA,NA
AA26,GND,NA,NA
AA28,GND,NA,NA
AA3,GND,NA,NA
AA30,GND,NA,NA
AA32,GND,NA,NA
AA34,GND,NA,NA
AA36,GND,NA,NA
AA38,GND,NA,NA
AA40,GND,NA,NA
AA42,GND,NA,NA
AA43,GND,NA,NA
AA47,GND,NA,NA
AA48,GND,NA,NA
AA49,GND,NA,NA
AA50,GND,NA,NA
AA51,GND,NA,NA
AA54,GND,NA,NA
AA55,GND,NA,NA
AA56,GND,NA,NA
AA6,GND,NA,NA
AA7,GND,NA,NA
AA8,GND,NA,NA
AA9,GND,NA,NA
AB12,GND,NA,NA
AB14,GND,NA,NA
AB15,GND,NA,NA
AB19,GND,NA,NA
AB20,GND,NA,NA
AB23,GND,NA,NA
AB26,GND,NA,NA
AB29,GND,NA,NA
AB3,GND,NA,NA
AB32,GND,NA,NA
AB35,GND,NA,NA
AB38,GND,NA,NA
AB39,GND,NA,NA
AB4,GND,NA,NA
AB41,GND,NA,NA
AB43,GND,NA,NA
AB45,GND,NA,NA
AB49,GND,NA,NA
AB5,GND,NA,NA
AB52,GND,NA,NA
AB53,GND,NA,NA
AB54,GND,NA,NA
AB57,GND,NA,NA
AB58,GND,NA,NA
AB8,GND,NA,NA
AC1,GND,NA,NA
AC10,GND,NA,NA
AC14,GND,NA,NA
AC17,GND,NA,NA
AC18,GND,NA,NA
AC2,GND,NA,NA
AC20,GND,NA,NA
AC22,GND,NA,NA
AC24,GND,NA,NA
AC26,GND,NA,NA
AC28,GND,NA,NA
AC3,GND,NA,NA
AC30,GND,NA,NA
AC32,GND,NA,NA
AC34,GND,NA,NA
AC36,GND,NA,NA
AC38,GND,NA,NA
AC40,GND,NA,NA
AC42,GND,NA,NA
AC43,GND,NA,NA
AC47,GND,NA,NA
AC48,GND,NA,NA
AC49,GND,NA,NA
AC50,GND,NA,NA
AC51,GND,NA,NA
AC54,GND,NA,NA
AC55,GND,NA,NA
AC56,GND,NA,NA
AC6,GND,NA,NA
AC7,GND,NA,NA
AC8,GND,NA,NA
AD12,GND,NA,NA
AD14,GND,NA,NA
AD15,GND,NA,NA
AD19,GND,NA,NA
AD23,GND,NA,NA
AD25,GND,NA,NA
AD27,GND,NA,NA
AD29,GND,NA,NA
AD3,GND,NA,NA
AD31,GND,NA,NA
AD33,GND,NA,NA
AD35,GND,NA,NA
AD37,GND,NA,NA
AD39,GND,NA,NA
AD4,GND,NA,NA
AD41,GND,NA,NA
AD43,GND,NA,NA
AD45,GND,NA,NA
AD49,GND,NA,NA
AD5,GND,NA,NA
AD52,GND,NA,NA
AD53,GND,NA,NA
AD54,GND,NA,NA
AD57,GND,NA,NA
AD58,GND,NA,NA
AD8,GND,NA,NA
AE1,GND,NA,NA
AE10,GND,NA,NA
AE14,GND,NA,NA
AE16,GND,NA,NA
AE18,GND,NA,NA
AE2,GND,NA,NA
AE20,GND,NA,NA
AE22,GND,NA,NA
AE24,GND,NA,NA
AE3,GND,NA,NA
AE36,GND,NA,NA
AE38,GND,NA,NA
AE4,GND,NA,NA
AE40,GND,NA,NA
AE42,GND,NA,NA
AE43,GND,NA,NA
AE47,GND,NA,NA
AE48,GND,NA,NA
AE49,GND,NA,NA
AE5,GND,NA,NA
AE50,GND,NA,NA
AE51,GND,NA,NA
AE54,GND,NA,NA
AE55,GND,NA,NA
AE56,GND,NA,NA
AE6,GND,NA,NA
AE7,GND,NA,NA
AE8,GND,NA,NA
AF12,GND,NA,NA
AF14,GND,NA,NA
AF15,GND,NA,NA
AF17,GND,NA,NA
AF19,GND,NA,NA
AF21,GND,NA,NA
AF23,GND,NA,NA
AF3,GND,NA,NA
AF35,GND,NA,NA
AF37,GND,NA,NA
AF39,GND,NA,NA
AF4,GND,NA,NA
AF41,GND,NA,NA
AF43,GND,NA,NA
AF45,GND,NA,NA
AF49,GND,NA,NA
AF5,GND,NA,NA
AF52,GND,NA,NA
AF53,GND,NA,NA
AF54,GND,NA,NA
AF57,GND,NA,NA
AF58,GND,NA,NA
AF8,GND,NA,NA
AF9,GND,NA,NA
AG1,GND,NA,NA
AG10,GND,NA,NA
AG14,GND,NA,NA
AG16,GND,NA,NA
AG18,GND,NA,NA
AG2,GND,NA,NA
AG20,GND,NA,NA
AG22,GND,NA,NA
AG24,GND,NA,NA
AG36,GND,NA,NA
AG38,GND,NA,NA
AG40,GND,NA,NA
AG42,GND,NA,NA
AG43,GND,NA,NA
AG47,GND,NA,NA
AG48,GND,NA,NA
AG49,GND,NA,NA
AG5,GND,NA,NA
AG50,GND,NA,NA
AG51,GND,NA,NA
AG54,GND,NA,NA
AG55,GND,NA,NA
AG56,GND,NA,NA
AG6,GND,NA,NA
AG7,GND,NA,NA
AH12,GND,NA,NA
AH14,GND,NA,NA
AH15,GND,NA,NA
AH17,GND,NA,NA
AH19,GND,NA,NA
AH21,GND,NA,NA
AH23,GND,NA,NA
AH3,GND,NA,NA
AH35,GND,NA,NA
AH37,GND,NA,NA
AH39,GND,NA,NA
AH4,GND,NA,NA
AH41,GND,NA,NA
AH43,GND,NA,NA
AH45,GND,NA,NA
AH49,GND,NA,NA
AH5,GND,NA,NA
AH52,GND,NA,NA
AH53,GND,NA,NA
AH54,GND,NA,NA
AH57,GND,NA,NA
AH58,GND,NA,NA
AH8,GND,NA,NA
AH9,GND,NA,NA
AJ1,GND,NA,NA
AJ10,GND,NA,NA
AJ14,GND,NA,NA
AJ16,GND,NA,NA
AJ18,GND,NA,NA
AJ2,GND,NA,NA
AJ20,GND,NA,NA
AJ22,GND,NA,NA
AJ24,GND,NA,NA
AJ36,GND,NA,NA
AJ38,GND,NA,NA
AJ40,GND,NA,NA
AJ42,GND,NA,NA
AJ43,GND,NA,NA
AJ47,GND,NA,NA
AJ48,GND,NA,NA
AJ49,GND,NA,NA
AJ5,GND,NA,NA
AJ50,GND,NA,NA
AJ51,GND,NA,NA
AJ54,GND,NA,NA
AJ55,GND,NA,NA
AJ56,GND,NA,NA
AJ6,GND,NA,NA
AJ7,GND,NA,NA
AK12,GND,NA,NA
AK14,GND,NA,NA
AK15,GND,NA,NA
AK17,GND,NA,NA
AK19,GND,NA,NA
AK21,GND,NA,NA
AK23,GND,NA,NA
AK3,GND,NA,NA
AK35,GND,NA,NA
AK37,GND,NA,NA
AK39,GND,NA,NA
AK4,GND,NA,NA
AK41,GND,NA,NA
AK43,GND,NA,NA
AK45,GND,NA,NA
AK49,GND,NA,NA
AK5,GND,NA,NA
AK52,GND,NA,NA
AK53,GND,NA,NA
AK54,GND,NA,NA
AK57,GND,NA,NA
AK58,GND,NA,NA
AK8,GND,NA,NA
AK9,GND,NA,NA
AL1,GND,NA,NA
AL10,GND,NA,NA
AL12,GND,NA,NA
AL14,GND,NA,NA
AL16,GND,NA,NA
AL18,GND,NA,NA
AL2,GND,NA,NA
AL20,GND,NA,NA
AL22,GND,NA,NA
AL24,GND,NA,NA
AL36,GND,NA,NA
AL38,GND,NA,NA
AL40,GND,NA,NA
AL42,GND,NA,NA
AL43,GND,NA,NA
AL47,GND,NA,NA
AL48,GND,NA,NA
AL49,GND,NA,NA
AL5,GND,NA,NA
AL50,GND,NA,NA
AL51,GND,NA,NA
AL54,GND,NA,NA
AL55,GND,NA,NA
AL56,GND,NA,NA
AL6,GND,NA,NA
AL7,GND,NA,NA
AM12,GND,NA,NA
AM14,GND,NA,NA
AM15,GND,NA,NA
AM17,GND,NA,NA
AM19,GND,NA,NA
AM22,GND,NA,NA
AM3,GND,NA,NA
AM35,GND,NA,NA
AM37,GND,NA,NA
AM4,GND,NA,NA
AM41,GND,NA,NA
AM43,GND,NA,NA
AM45,GND,NA,NA
AM49,GND,NA,NA
AM5,GND,NA,NA
AM52,GND,NA,NA
AM53,GND,NA,NA
AM54,GND,NA,NA
AM57,GND,NA,NA
AM58,GND,NA,NA
AM8,GND,NA,NA
AM9,GND,NA,NA
AN1,GND,NA,NA
AN10,GND,NA,NA
AN12,GND,NA,NA
AN14,GND,NA,NA
AN16,GND,NA,NA
AN18,GND,NA,NA
AN2,GND,NA,NA
AN21,GND,NA,NA
AN24,GND,NA,NA
AN36,GND,NA,NA
AN39,GND,NA,NA
AN40,GND,NA,NA
AN42,GND,NA,NA
AN43,GND,NA,NA
AN47,GND,NA,NA
AN49,GND,NA,NA
AN5,GND,NA,NA
AN50,GND,NA,NA
AN51,GND,NA,NA
AN54,GND,NA,NA
AN55,GND,NA,NA
AN56,GND,NA,NA
AN6,GND,NA,NA
AN7,GND,NA,NA
AP12,GND,NA,NA
AP14,GND,NA,NA
AP15,GND,NA,NA
AP17,GND,NA,NA
AP19,GND,NA,NA
AP21,GND,NA,NA
AP23,GND,NA,NA
AP3,GND,NA,NA
AP35,GND,NA,NA
AP37,GND,NA,NA
AP39,GND,NA,NA
AP4,GND,NA,NA
AP41,GND,NA,NA
AP43,GND,NA,NA
AP45,GND,NA,NA
AP49,GND,NA,NA
AP5,GND,NA,NA
AP52,GND,NA,NA
AP53,GND,NA,NA
AP54,GND,NA,NA
AP57,GND,NA,NA
AP58,GND,NA,NA
AP8,GND,NA,NA
AP9,GND,NA,NA
AR1,GND,NA,NA
AR10,GND,NA,NA
AR14,GND,NA,NA
AR16,GND,NA,NA
AR18,GND,NA,NA
AR2,GND,NA,NA
AR20,GND,NA,NA
AR22,GND,NA,NA
AR24,GND,NA,NA
AR26,GND,NA,NA
AR28,GND,NA,NA
AR30,GND,NA,NA
AR32,GND,NA,NA
AR34,GND,NA,NA
AR36,GND,NA,NA
AR38,GND,NA,NA
AR40,GND,NA,NA
AR42,GND,NA,NA
AR43,GND,NA,NA
AR47,GND,NA,NA
AR49,GND,NA,NA
AR5,GND,NA,NA
AR50,GND,NA,NA
AR51,GND,NA,NA
AR54,GND,NA,NA
AR55,GND,NA,NA
AR56,GND,NA,NA
AR6,GND,NA,NA
AR7,GND,NA,NA
AT12,GND,NA,NA
AT14,GND,NA,NA
AT15,GND,NA,NA
AT19,GND,NA,NA
AT21,GND,NA,NA
AT23,GND,NA,NA
AT25,GND,NA,NA
AT27,GND,NA,NA
AT29,GND,NA,NA
AT3,GND,NA,NA
AT31,GND,NA,NA
AT33,GND,NA,NA
AT35,GND,NA,NA
AT37,GND,NA,NA
AT39,GND,NA,NA
AT4,GND,NA,NA
AT41,GND,NA,NA
AT43,GND,NA,NA
AT45,GND,NA,NA
AT49,GND,NA,NA
AT5,GND,NA,NA
AT52,GND,NA,NA
AT53,GND,NA,NA
AT54,GND,NA,NA
AT57,GND,NA,NA
AT58,GND,NA,NA
AT8,GND,NA,NA
AT9,GND,NA,NA
AU1,GND,NA,NA
AU10,GND,NA,NA
AU14,GND,NA,NA
AU17,GND,NA,NA
AU18,GND,NA,NA
AU2,GND,NA,NA
AU20,GND,NA,NA
AU24,GND,NA,NA
AU26,GND,NA,NA
AU28,GND,NA,NA
AU30,GND,NA,NA
AU32,GND,NA,NA
AU34,GND,NA,NA
AU36,GND,NA,NA
AU38,GND,NA,NA
AU40,GND,NA,NA
AU42,GND,NA,NA
AU43,GND,NA,NA
AU47,GND,NA,NA
AU49,GND,NA,NA
AU5,GND,NA,NA
AU50,GND,NA,NA
AU51,GND,NA,NA
AU54,GND,NA,NA
AU55,GND,NA,NA
AU56,GND,NA,NA
AU6,GND,NA,NA
AU7,GND,NA,NA
AV1,GND,NA,NA
AV12,GND,NA,NA
AV14,GND,NA,NA
AV16,GND,NA,NA
AV19,GND,NA,NA
AV2,GND,NA,NA
AV23,GND,NA,NA
AV25,GND,NA,NA
AV27,GND,NA,NA
AV29,GND,NA,NA
AV3,GND,NA,NA
AV31,GND,NA,NA
AV33,GND,NA,NA
AV35,GND,NA,NA
AV37,GND,NA,NA
AV39,GND,NA,NA
AV4,GND,NA,NA
AV41,GND,NA,NA
AV43,GND,NA,NA
AV45,GND,NA,NA
AV49,GND,NA,NA
AV5,GND,NA,NA
AV52,GND,NA,NA
AV53,GND,NA,NA
AV54,GND,NA,NA
AV57,GND,NA,NA
AV58,GND,NA,NA
AV6,GND,NA,NA
AV7,GND,NA,NA
AV8,GND,NA,NA
AV9,GND,NA,NA
AW1,GND,NA,NA
AW10,GND,NA,NA
AW14,GND,NA,NA
AW15,GND,NA,NA
AW18,GND,NA,NA
AW2,GND,NA,NA
AW20,GND,NA,NA
AW24,GND,NA,NA
AW36,GND,NA,NA
AW38,GND,NA,NA
AW40,GND,NA,NA
AW42,GND,NA,NA
AW43,GND,NA,NA
AW47,GND,NA,NA
AW49,GND,NA,NA
AW5,GND,NA,NA
AW50,GND,NA,NA
AW51,GND,NA,NA
AW54,GND,NA,NA
AW55,GND,NA,NA
AW56,GND,NA,NA
AW6,GND,NA,NA
AW7,GND,NA,NA
AY12,GND,NA,NA
AY14,GND,NA,NA
AY17,GND,NA,NA
AY19,GND,NA,NA
AY23,GND,NA,NA
AY3,GND,NA,NA
AY35,GND,NA,NA
AY37,GND,NA,NA
AY39,GND,NA,NA
AY4,GND,NA,NA
AY41,GND,NA,NA
AY43,GND,NA,NA
AY45,GND,NA,NA
AY49,GND,NA,NA
AY52,GND,NA,NA
AY53,GND,NA,NA
AY54,GND,NA,NA
AY57,GND,NA,NA
AY58,GND,NA,NA
AY7,GND,NA,NA
AY8,GND,NA,NA
B11,GND,NA,NA
B13,GND,NA,NA
B15,GND,NA,NA
B17,GND,NA,NA
B19,GND,NA,NA
B21,GND,NA,NA
B23,GND,NA,NA
B25,GND,NA,NA
B27,GND,NA,NA
B29,GND,NA,NA
B3,GND,NA,NA
B30,GND,NA,NA
B32,GND,NA,NA
B34,GND,NA,NA
B36,GND,NA,NA
B38,GND,NA,NA
B4,GND,NA,NA
B40,GND,NA,NA
B42,GND,NA,NA
B44,GND,NA,NA
B46,GND,NA,NA
B48,GND,NA,NA
B5,GND,NA,NA
B50,GND,NA,NA
B52,GND,NA,NA
B54,GND,NA,NA
B55,GND,NA,NA
B56,GND,NA,NA
B7,GND,NA,NA
B9,GND,NA,NA
BA1,GND,NA,NA
BA10,GND,NA,NA
BA12,GND,NA,NA
BA13,GND,NA,NA
BA14,GND,NA,NA
BA16,GND,NA,NA
BA18,GND,NA,NA
BA2,GND,NA,NA
BA20,GND,NA,NA
BA22,GND,NA,NA
BA25,GND,NA,NA
BA28,GND,NA,NA
BA31,GND,NA,NA
BA34,GND,NA,NA
BA37,GND,NA,NA
BA40,GND,NA,NA
BA43,GND,NA,NA
BA47,GND,NA,NA
BA49,GND,NA,NA
BA5,GND,NA,NA
BA50,GND,NA,NA
BA51,GND,NA,NA
BA54,GND,NA,NA
BA55,GND,NA,NA
BA56,GND,NA,NA
BA6,GND,NA,NA
BA7,GND,NA,NA
BB12,GND,NA,NA
BB16,GND,NA,NA
BB19,GND,NA,NA
BB21,GND,NA,NA
BB24,GND,NA,NA
BB27,GND,NA,NA
BB3,GND,NA,NA
BB30,GND,NA,NA
BB33,GND,NA,NA
BB36,GND,NA,NA
BB39,GND,NA,NA
BB4,GND,NA,NA
BB42,GND,NA,NA
BB43,GND,NA,NA
BB45,GND,NA,NA
BB48,GND,NA,NA
BB49,GND,NA,NA
BB5,GND,NA,NA
BB52,GND,NA,NA
BB53,GND,NA,NA
BB54,GND,NA,NA
BB57,GND,NA,NA
BB58,GND,NA,NA
BB8,GND,NA,NA
BC1,GND,NA,NA
BC10,GND,NA,NA
BC12,GND,NA,NA
BC14,GND,NA,NA
BC18,GND,NA,NA
BC2,GND,NA,NA
BC20,GND,NA,NA
BC23,GND,NA,NA
BC26,GND,NA,NA
BC29,GND,NA,NA
BC31,GND,NA,NA
BC33,GND,NA,NA
BC35,GND,NA,NA
BC38,GND,NA,NA
BC41,GND,NA,NA
BC43,GND,NA,NA
BC47,GND,NA,NA
BC49,GND,NA,NA
BC5,GND,NA,NA
BC50,GND,NA,NA
BC51,GND,NA,NA
BC52,GND,NA,NA
BC55,GND,NA,NA
BC56,GND,NA,NA
BC6,GND,NA,NA
BC7,GND,NA,NA
BD10,GND,NA,NA
BD11,GND,NA,NA
BD12,GND,NA,NA
BD16,GND,NA,NA
BD19,GND,NA,NA
BD22,GND,NA,NA
BD25,GND,NA,NA
BD28,GND,NA,NA
BD3,GND,NA,NA
BD30,GND,NA,NA
BD32,GND,NA,NA
BD34,GND,NA,NA
BD37,GND,NA,NA
BD4,GND,NA,NA
BD40,GND,NA,NA
BD43,GND,NA,NA
BD45,GND,NA,NA
BD49,GND,NA,NA
BD5,GND,NA,NA
BD52,GND,NA,NA
BD53,GND,NA,NA
BD54,GND,NA,NA
BD57,GND,NA,NA
BD58,GND,NA,NA
BD8,GND,NA,NA
BE1,GND,NA,NA
BE10,GND,NA,NA
BE14,GND,NA,NA
BE18,GND,NA,NA
BE2,GND,NA,NA
BE21,GND,NA,NA
BE24,GND,NA,NA
BE27,GND,NA,NA
BE30,GND,NA,NA
BE33,GND,NA,NA
BE36,GND,NA,NA
BE39,GND,NA,NA
BE42,GND,NA,NA
BE43,GND,NA,NA
BE47,GND,NA,NA
BE49,GND,NA,NA
BE5,GND,NA,NA
BE50,GND,NA,NA
BE51,GND,NA,NA
BE54,GND,NA,NA
BE55,GND,NA,NA
BE56,GND,NA,NA
BE6,GND,NA,NA
BE7,GND,NA,NA
BF10,GND,NA,NA
BF11,GND,NA,NA
BF16,GND,NA,NA
BF17,GND,NA,NA
BF2,GND,NA,NA
BF20,GND,NA,NA
BF23,GND,NA,NA
BF26,GND,NA,NA
BF29,GND,NA,NA
BF3,GND,NA,NA
BF32,GND,NA,NA
BF35,GND,NA,NA
BF38,GND,NA,NA
BF4,GND,NA,NA
BF41,GND,NA,NA
BF43,GND,NA,NA
BF44,GND,NA,NA
BF45,GND,NA,NA
BF46,GND,NA,NA
BF47,GND,NA,NA
BF48,GND,NA,NA
BF49,GND,NA,NA
BF5,GND,NA,NA
BF51,GND,NA,NA
BF52,GND,NA,NA
BF53,GND,NA,NA
BF56,GND,NA,NA
BF57,GND,NA,NA
BF58,GND,NA,NA
BF7,GND,NA,NA
BF8,GND,NA,NA
BF9,GND,NA,NA
BG14,GND,NA,NA
BG18,GND,NA,NA
BG22,GND,NA,NA
BG26,GND,NA,NA
BG30,GND,NA,NA
BG34,GND,NA,NA
BG38,GND,NA,NA
BG42,GND,NA,NA
BG46,GND,NA,NA
BG5,GND,NA,NA
BG51,GND,NA,NA
BG54,GND,NA,NA
BG55,GND,NA,NA
BG56,GND,NA,NA
BH10,GND,NA,NA
BH12,GND,NA,NA
BH16,GND,NA,NA
BH2,GND,NA,NA
BH20,GND,NA,NA
BH24,GND,NA,NA
BH28,GND,NA,NA
BH32,GND,NA,NA
BH36,GND,NA,NA
BH40,GND,NA,NA
BH44,GND,NA,NA
BH48,GND,NA,NA
BH51,GND,NA,NA
BH52,GND,NA,NA
BH53,GND,NA,NA
BH54,GND,NA,NA
BH57,GND,NA,NA
BH58,GND,NA,NA
BH8,GND,NA,NA
BJ14,GND,NA,NA
BJ18,GND,NA,NA
BJ22,GND,NA,NA
BJ26,GND,NA,NA
BJ30,GND,NA,NA
BJ34,GND,NA,NA
BJ38,GND,NA,NA
BJ4,GND,NA,NA
BJ42,GND,NA,NA
BJ46,GND,NA,NA
BJ50,GND,NA,NA
BJ51,GND,NA,NA
BJ54,GND,NA,NA
BJ55,GND,NA,NA
BJ56,GND,NA,NA
BK1,GND,NA,NA
BK11,GND,NA,NA
BK12,GND,NA,NA
BK16,GND,NA,NA
BK20,GND,NA,NA
BK24,GND,NA,NA
BK28,GND,NA,NA
BK32,GND,NA,NA
BK36,GND,NA,NA
BK40,GND,NA,NA
BK44,GND,NA,NA
BK48,GND,NA,NA
BK51,GND,NA,NA
BK52,GND,NA,NA
BK53,GND,NA,NA
BK54,GND,NA,NA
BK57,GND,NA,NA
BK58,GND,NA,NA
BK6,GND,NA,NA
BK7,GND,NA,NA
BK9,GND,NA,NA
BL14,GND,NA,NA
BL18,GND,NA,NA
BL22,GND,NA,NA
BL26,GND,NA,NA
BL3,GND,NA,NA
BL30,GND,NA,NA
BL34,GND,NA,NA
BL38,GND,NA,NA
BL42,GND,NA,NA
BL46,GND,NA,NA
BL50,GND,NA,NA
BL51,GND,NA,NA
BL54,GND,NA,NA
BL55,GND,NA,NA
BL56,GND,NA,NA
BM10,GND,NA,NA
BM12,GND,NA,NA
BM16,GND,NA,NA
BM20,GND,NA,NA
BM24,GND,NA,NA
BM28,GND,NA,NA
BM32,GND,NA,NA
BM36,GND,NA,NA
BM40,GND,NA,NA
BM44,GND,NA,NA
BM48,GND,NA,NA
BM5,GND,NA,NA
BM51,GND,NA,NA
BM52,GND,NA,NA
BM53,GND,NA,NA
BM56,GND,NA,NA
BM57,GND,NA,NA
BM58,GND,NA,NA
BM8,GND,NA,NA
BN12,GND,NA,NA
BN14,GND,NA,NA
BN18,GND,NA,NA
BN2,GND,NA,NA
BN22,GND,NA,NA
BN26,GND,NA,NA
BN30,GND,NA,NA
BN34,GND,NA,NA
BN38,GND,NA,NA
BN42,GND,NA,NA
BN46,GND,NA,NA
BN51,GND,NA,NA
BN54,GND,NA,NA
BN55,GND,NA,NA
BN56,GND,NA,NA
BN7,GND,NA,NA
BP14,GND,NA,NA
BP19,GND,NA,NA
BP24,GND,NA,NA
BP29,GND,NA,NA
BP34,GND,NA,NA
BP39,GND,NA,NA
BP4,GND,NA,NA
BP44,GND,NA,NA
BP48,GND,NA,NA
BP51,GND,NA,NA
BP52,GND,NA,NA
BP53,GND,NA,NA
BP54,GND,NA,NA
BP57,GND,NA,NA
BP58,GND,NA,NA
BP9,GND,NA,NA
BR1,GND,NA,NA
BR11,GND,NA,NA
BR16,GND,NA,NA
BR21,GND,NA,NA
BR26,GND,NA,NA
BR31,GND,NA,NA
BR36,GND,NA,NA
BR41,GND,NA,NA
BR46,GND,NA,NA
BR49,GND,NA,NA
BR50,GND,NA,NA
BR51,GND,NA,NA
BR54,GND,NA,NA
BR55,GND,NA,NA
BR56,GND,NA,NA
BR57,GND,NA,NA
BR58,GND,NA,NA
BR6,GND,NA,NA
BT13,GND,NA,NA
BT18,GND,NA,NA
BT2,GND,NA,NA
BT23,GND,NA,NA
BT28,GND,NA,NA
BT3,GND,NA,NA
BT33,GND,NA,NA
BT38,GND,NA,NA
BT43,GND,NA,NA
BT48,GND,NA,NA
BT49,GND,NA,NA
BT52,GND,NA,NA
BT53,GND,NA,NA
BT54,GND,NA,NA
BT57,GND,NA,NA
BT8,GND,NA,NA
BU10,GND,NA,NA
BU15,GND,NA,NA
BU20,GND,NA,NA
BU25,GND,NA,NA
BU3,GND,NA,NA
BU30,GND,NA,NA
BU35,GND,NA,NA
BU40,GND,NA,NA
BU45,GND,NA,NA
BU49,GND,NA,NA
BU5,GND,NA,NA
BU50,GND,NA,NA
BU51,GND,NA,NA
BU54,GND,NA,NA
BU55,GND,NA,NA
BU56,GND,NA,NA
BV12,GND,NA,NA
BV17,GND,NA,NA
BV22,GND,NA,NA
BV27,GND,NA,NA
BV32,GND,NA,NA
BV37,GND,NA,NA
BV4,GND,NA,NA
BV42,GND,NA,NA
BV47,GND,NA,NA
BV49,GND,NA,NA
BV52,GND,NA,NA
BV53,GND,NA,NA
BV54,GND,NA,NA
BV55,GND,NA,NA
BV7,GND,NA,NA
C10,GND,NA,NA
C11,GND,NA,NA
C12,GND,NA,NA
C13,GND,NA,NA
C14,GND,NA,NA
C16,GND,NA,NA
C18,GND,NA,NA
C19,GND,NA,NA
C2,GND,NA,NA
C20,GND,NA,NA
C21,GND,NA,NA
C22,GND,NA,NA
C23,GND,NA,NA
C24,GND,NA,NA
C26,GND,NA,NA
C28,GND,NA,NA
C29,GND,NA,NA
C31,GND,NA,NA
C33,GND,NA,NA
C34,GND,NA,NA
C35,GND,NA,NA
C36,GND,NA,NA
C37,GND,NA,NA
C39,GND,NA,NA
C41,GND,NA,NA
C43,GND,NA,NA
C44,GND,NA,NA
C45,GND,NA,NA
C46,GND,NA,NA
C47,GND,NA,NA
C48,GND,NA,NA
C49,GND,NA,NA
C5,GND,NA,NA
C50,GND,NA,NA
C51,GND,NA,NA
C52,GND,NA,NA
C53,GND,NA,NA
C55,GND,NA,NA
C57,GND,NA,NA
C6,GND,NA,NA
C7,GND,NA,NA
C8,GND,NA,NA
C9,GND,NA,NA
D1,GND,NA,NA
D10,GND,NA,NA
D12,GND,NA,NA
D14,GND,NA,NA
D16,GND,NA,NA
D18,GND,NA,NA
D2,GND,NA,NA
D20,GND,NA,NA
D22,GND,NA,NA
D24,GND,NA,NA
D26,GND,NA,NA
D28,GND,NA,NA
D29,GND,NA,NA
D3,GND,NA,NA
D31,GND,NA,NA
D33,GND,NA,NA
D35,GND,NA,NA
D37,GND,NA,NA
D39,GND,NA,NA
D4,GND,NA,NA
D41,GND,NA,NA
D43,GND,NA,NA
D45,GND,NA,NA
D47,GND,NA,NA
D49,GND,NA,NA
D51,GND,NA,NA
D53,GND,NA,NA
D55,GND,NA,NA
D57,GND,NA,NA
D58,GND,NA,NA
D7,GND,NA,NA
D8,GND,NA,NA
E1,GND,NA,NA
E10,GND,NA,NA
E12,GND,NA,NA
E14,GND,NA,NA
E15,GND,NA,NA
E16,GND,NA,NA
E17,GND,NA,NA
E18,GND,NA,NA
E2,GND,NA,NA
E20,GND,NA,NA
E22,GND,NA,NA
E24,GND,NA,NA
E25,GND,NA,NA
E26,GND,NA,NA
E27,GND,NA,NA
E28,GND,NA,NA
E29,GND,NA,NA
E30,GND,NA,NA
E31,GND,NA,NA
E32,GND,NA,NA
E33,GND,NA,NA
E35,GND,NA,NA
E37,GND,NA,NA
E38,GND,NA,NA
E39,GND,NA,NA
E40,GND,NA,NA
E41,GND,NA,NA
E42,GND,NA,NA
E43,GND,NA,NA
E45,GND,NA,NA
E47,GND,NA,NA
E49,GND,NA,NA
E5,GND,NA,NA
E51,GND,NA,NA
E53,GND,NA,NA
E54,GND,NA,NA
E56,GND,NA,NA
E6,GND,NA,NA
E7,GND,NA,NA
E8,GND,NA,NA
F11,GND,NA,NA
F13,GND,NA,NA
F15,GND,NA,NA
F17,GND,NA,NA
F19,GND,NA,NA
F21,GND,NA,NA
F23,GND,NA,NA
F25,GND,NA,NA
F27,GND,NA,NA
F29,GND,NA,NA
F3,GND,NA,NA
F30,GND,NA,NA
F32,GND,NA,NA
F34,GND,NA,NA
F36,GND,NA,NA
F38,GND,NA,NA
F4,GND,NA,NA
F40,GND,NA,NA
F42,GND,NA,NA
F44,GND,NA,NA
F46,GND,NA,NA
F48,GND,NA,NA
F5,GND,NA,NA
F50,GND,NA,NA
F52,GND,NA,NA
F54,GND,NA,NA
F56,GND,NA,NA
F57,GND,NA,NA
F58,GND,NA,NA
F8,GND,NA,NA
F9,GND,NA,NA
G1,GND,NA,NA
G11,GND,NA,NA
G13,GND,NA,NA
G15,GND,NA,NA
G17,GND,NA,NA
G19,GND,NA,NA
G2,GND,NA,NA
G21,GND,NA,NA
G23,GND,NA,NA
G25,GND,NA,NA
G27,GND,NA,NA
G29,GND,NA,NA
G3,GND,NA,NA
G30,GND,NA,NA
G32,GND,NA,NA
G34,GND,NA,NA
G36,GND,NA,NA
G38,GND,NA,NA
G40,GND,NA,NA
G42,GND,NA,NA
G44,GND,NA,NA
G46,GND,NA,NA
G48,GND,NA,NA
G50,GND,NA,NA
G52,GND,NA,NA
G54,GND,NA,NA
G55,GND,NA,NA
G56,GND,NA,NA
G6,GND,NA,NA
G7,GND,NA,NA
G8,GND,NA,NA
G9,GND,NA,NA
H10,GND,NA,NA
H11,GND,NA,NA
H12,GND,NA,NA
H14,GND,NA,NA
H16,GND,NA,NA
H17,GND,NA,NA
H18,GND,NA,NA
H19,GND,NA,NA
H20,GND,NA,NA
H21,GND,NA,NA
H22,GND,NA,NA
H23,GND,NA,NA
H24,GND,NA,NA
H25,GND,NA,NA
H26,GND,NA,NA
H27,GND,NA,NA
H28,GND,NA,NA
H29,GND,NA,NA
H3,GND,NA,NA
H30,GND,NA,NA
H31,GND,NA,NA
H32,GND,NA,NA
H33,GND,NA,NA
H34,GND,NA,NA
H35,GND,NA,NA
H36,GND,NA,NA
H37,GND,NA,NA
H38,GND,NA,NA
H39,GND,NA,NA
H4,GND,NA,NA
H40,GND,NA,NA
H41,GND,NA,NA
H42,GND,NA,NA
H43,GND,NA,NA
H44,GND,NA,NA
H45,GND,NA,NA
H46,GND,NA,NA
H47,GND,NA,NA
H48,GND,NA,NA
H49,GND,NA,NA
H5,GND,NA,NA
H50,GND,NA,NA
H51,GND,NA,NA
H52,GND,NA,NA
H53,GND,NA,NA
H56,GND,NA,NA
H57,GND,NA,NA
H58,GND,NA,NA
H8,GND,NA,NA
H9,GND,NA,NA
J1,GND,NA,NA
J10,GND,NA,NA
J12,GND,NA,NA
J14,GND,NA,NA
J16,GND,NA,NA
J19,GND,NA,NA
J2,GND,NA,NA
J24,GND,NA,NA
J29,GND,NA,NA
J3,GND,NA,NA
J43,GND,NA,NA
J44,GND,NA,NA
J46,GND,NA,NA
J47,GND,NA,NA
J49,GND,NA,NA
J50,GND,NA,NA
J51,GND,NA,NA
J54,GND,NA,NA
J55,GND,NA,NA
J56,GND,NA,NA
J6,GND,NA,NA
J7,GND,NA,NA
J8,GND,NA,NA
J9,GND,NA,NA
K12,GND,NA,NA
K14,GND,NA,NA
K15,GND,NA,NA
K16,GND,NA,NA
K21,GND,NA,NA
K26,GND,NA,NA
K3,GND,NA,NA
K31,GND,NA,NA
K36,GND,NA,NA
K4,GND,NA,NA
K41,GND,NA,NA
K43,GND,NA,NA
K45,GND,NA,NA
K47,GND,NA,NA
K5,GND,NA,NA
K51,GND,NA,NA
K52,GND,NA,NA
K53,GND,NA,NA
K56,GND,NA,NA
K57,GND,NA,NA
K58,GND,NA,NA
K8,GND,NA,NA
L1,GND,NA,NA
L10,GND,NA,NA
L14,GND,NA,NA
L18,GND,NA,NA
L2,GND,NA,NA
L23,GND,NA,NA
L28,GND,NA,NA
L3,GND,NA,NA
L33,GND,NA,NA
L38,GND,NA,NA
L43,GND,NA,NA
L44,GND,NA,NA
L49,GND,NA,NA
L50,GND,NA,NA
L51,GND,NA,NA
L54,GND,NA,NA
L55,GND,NA,NA
L56,GND,NA,NA
L6,GND,NA,NA
L7,GND,NA,NA
L8,GND,NA,NA
L9,GND,NA,NA
M12,GND,NA,NA
M14,GND,NA,NA
M15,GND,NA,NA
M20,GND,NA,NA
M25,GND,NA,NA
M3,GND,NA,NA
M30,GND,NA,NA
M35,GND,NA,NA
M4,GND,NA,NA
M40,GND,NA,NA
M43,GND,NA,NA
M45,GND,NA,NA
M47,GND,NA,NA
M5,GND,NA,NA
M51,GND,NA,NA
M52,GND,NA,NA
M53,GND,NA,NA
M56,GND,NA,NA
M57,GND,NA,NA
M58,GND,NA,NA
M8,GND,NA,NA
N1,GND,NA,NA
N10,GND,NA,NA
N14,GND,NA,NA
N17,GND,NA,NA
N2,GND,NA,NA
N22,GND,NA,NA
N27,GND,NA,NA
N3,GND,NA,NA
N42,GND,NA,NA
N43,GND,NA,NA
N44,GND,NA,NA
N49,GND,NA,NA
N50,GND,NA,NA
N51,GND,NA,NA
N52,GND,NA,NA
N53,GND,NA,NA
N54,GND,NA,NA
N55,GND,NA,NA
N56,GND,NA,NA
N6,GND,NA,NA
N7,GND,NA,NA
N8,GND,NA,NA
N9,GND,NA,NA
P12,GND,NA,NA
P14,GND,NA,NA
P19,GND,NA,NA
P22,GND,NA,NA
P25,GND,NA,NA
P28,GND,NA,NA
P3,GND,NA,NA
P31,GND,NA,NA
P34,GND,NA,NA
P37,GND,NA,NA
P4,GND,NA,NA
P40,GND,NA,NA
P43,GND,NA,NA
P45,GND,NA,NA
P47,GND,NA,NA
P5,GND,NA,NA
P51,GND,NA,NA
P52,GND,NA,NA
P53,GND,NA,NA
P54,GND,NA,NA
P57,GND,NA,NA
P58,GND,NA,NA
P8,GND,NA,NA
R1,GND,NA,NA
R10,GND,NA,NA
R14,GND,NA,NA
R16,GND,NA,NA
R18,GND,NA,NA
R2,GND,NA,NA
R21,GND,NA,NA
R24,GND,NA,NA
R27,GND,NA,NA
R30,GND,NA,NA
R33,GND,NA,NA
R36,GND,NA,NA
R39,GND,NA,NA
R42,GND,NA,NA
R43,GND,NA,NA
R44,GND,NA,NA
R49,GND,NA,NA
R5,GND,NA,NA
R50,GND,NA,NA
R51,GND,NA,NA
R54,GND,NA,NA
R55,GND,NA,NA
R56,GND,NA,NA
R6,GND,NA,NA
R7,GND,NA,NA
R8,GND,NA,NA
R9,GND,NA,NA
T12,GND,NA,NA
T14,GND,NA,NA
T20,GND,NA,NA
T23,GND,NA,NA
T26,GND,NA,NA
T29,GND,NA,NA
T3,GND,NA,NA
T32,GND,NA,NA
T35,GND,NA,NA
T38,GND,NA,NA
T4,GND,NA,NA
T41,GND,NA,NA
T43,GND,NA,NA
T45,GND,NA,NA
T47,GND,NA,NA
T5,GND,NA,NA
T51,GND,NA,NA
T52,GND,NA,NA
T53,GND,NA,NA
T54,GND,NA,NA
T57,GND,NA,NA
T58,GND,NA,NA
T8,GND,NA,NA
U1,GND,NA,NA
U10,GND,NA,NA
U11,GND,NA,NA
U14,GND,NA,NA
U15,GND,NA,NA
U18,GND,NA,NA
U2,GND,NA,NA
U20,GND,NA,NA
U22,GND,NA,NA
U24,GND,NA,NA
U26,GND,NA,NA
U28,GND,NA,NA
U30,GND,NA,NA
U32,GND,NA,NA
U34,GND,NA,NA
U36,GND,NA,NA
U38,GND,NA,NA
U40,GND,NA,NA
U42,GND,NA,NA
U43,GND,NA,NA
U44,GND,NA,NA
U49,GND,NA,NA
U5,GND,NA,NA
U50,GND,NA,NA
U51,GND,NA,NA
U54,GND,NA,NA
U55,GND,NA,NA
U56,GND,NA,NA
U6,GND,NA,NA
U7,GND,NA,NA
U8,GND,NA,NA
U9,GND,NA,NA
V12,GND,NA,NA
V13,GND,NA,NA
V14,GND,NA,NA
V17,GND,NA,NA
V19,GND,NA,NA
V21,GND,NA,NA
V23,GND,NA,NA
V25,GND,NA,NA
V27,GND,NA,NA
V29,GND,NA,NA
V3,GND,NA,NA
V31,GND,NA,NA
V33,GND,NA,NA
V35,GND,NA,NA
V37,GND,NA,NA
V39,GND,NA,NA
V4,GND,NA,NA
V41,GND,NA,NA
V43,GND,NA,NA
V45,GND,NA,NA
V46,GND,NA,NA
V47,GND,NA,NA
V5,GND,NA,NA
V51,GND,NA,NA
V52,GND,NA,NA
V53,GND,NA,NA
V56,GND,NA,NA
V57,GND,NA,NA
V58,GND,NA,NA
V8,GND,NA,NA
W1,GND,NA,NA
W10,GND,NA,NA
W11,GND,NA,NA
W14,GND,NA,NA
W18,GND,NA,NA
W2,GND,NA,NA
W20,GND,NA,NA
W22,GND,NA,NA
W24,GND,NA,NA
W36,GND,NA,NA
W38,GND,NA,NA
W40,GND,NA,NA
W42,GND,NA,NA
W43,GND,NA,NA
W47,GND,NA,NA
W48,GND,NA,NA
W49,GND,NA,NA
W5,GND,NA,NA
W50,GND,NA,NA
W51,GND,NA,NA
W54,GND,NA,NA
W55,GND,NA,NA
W56,GND,NA,NA
W6,GND,NA,NA
W7,GND,NA,NA
W8,GND,NA,NA
W9,GND,NA,NA
Y12,GND,NA,NA
Y14,GND,NA,NA
Y16,GND,NA,NA
Y19,GND,NA,NA
Y21,GND,NA,NA
Y23,GND,NA,NA
Y3,GND,NA,NA
Y35,GND,NA,NA
Y37,GND,NA,NA
Y39,GND,NA,NA
Y4,GND,NA,NA
Y41,GND,NA,NA
Y43,GND,NA,NA
Y45,GND,NA,NA
Y48,GND,NA,NA
Y5,GND,NA,NA
Y51,GND,NA,NA
Y52,GND,NA,NA
Y53,GND,NA,NA
Y56,GND,NA,NA
Y57,GND,NA,NA
Y58,GND,NA,NA
Y8,GND,NA,NA
Y9,GND,NA,NA
AD21,GND_SENSE,NA,NA
AU22,GND_SMON,NA,NA
AT44,GTM_AVCCAUX_LLC,NA,NA
AV44,GTM_AVCCAUX_LLC,NA,NA
AP44,GTM_AVCC_LLC,NA,NA
AR46,GTM_AVCC_LLC,NA,NA
AU46,GTM_AVCC_LLC,NA,NA
AW46,GTM_AVCC_LLC,NA,NA
AY44,GTM_AVCC_LLC,NA,NA
BA46,GTM_AVCC_LLC,NA,NA
AN46,GTM_AVTT_LLC,NA,NA
AN48,GTM_AVTT_LLC,NA,NA
AP48,GTM_AVTT_LLC,NA,NA
AR48,GTM_AVTT_LLC,NA,NA
AT48,GTM_AVTT_LLC,NA,NA
AU48,GTM_AVTT_LLC,NA,NA
AV48,GTM_AVTT_LLC,NA,NA
AW48,GTM_AVTT_LLC,NA,NA
AY48,GTM_AVTT_LLC,NA,NA
BA48,GTM_AVTT_LLC,NA,NA
T44,GTYP_AVCCAUX_LN,NA,NA
V44,GTYP_AVCCAUX_LN,NA,NA
BB44,GTYP_AVCCAUX_LS,NA,NA
BD44,GTYP_AVCCAUX_LS,NA,NA
P13,GTYP_AVCCAUX_RN,NA,NA
T13,GTYP_AVCCAUX_RN,NA,NA
AB44,GTYP_AVCC_LN,NA,NA
J45,GTYP_AVCC_LN,NA,NA
K44,GTYP_AVCC_LN,NA,NA
L45,GTYP_AVCC_LN,NA,NA
M44,GTYP_AVCC_LN,NA,NA
N45,GTYP_AVCC_LN,NA,NA
P44,GTYP_AVCC_LN,NA,NA
R45,GTYP_AVCC_LN,NA,NA
U45,GTYP_AVCC_LN,NA,NA
Y44,GTYP_AVCC_LN,NA,NA
BC46,GTYP_AVCC_LS,NA,NA
BE46,GTYP_AVCC_LS,NA,NA
K13,GTYP_AVCC_RN,NA,NA
M13,GTYP_AVCC_RN,NA,NA
N11,GTYP_AVCC_RN,NA,NA
R11,GTYP_AVCC_RN,NA,NA
AA46,GTYP_AVTT_LN,NA,NA
J48,GTYP_AVTT_LN,NA,NA
K46,GTYP_AVTT_LN,NA,NA
K50,GTYP_AVTT_LN,NA,NA
L48,GTYP_AVTT_LN,NA,NA
M46,GTYP_AVTT_LN,NA,NA
M50,GTYP_AVTT_LN,NA,NA
N48,GTYP_AVTT_LN,NA,NA
P46,GTYP_AVTT_LN,NA,NA
P50,GTYP_AVTT_LN,NA,NA
R48,GTYP_AVTT_LN,NA,NA
T46,GTYP_AVTT_LN,NA,NA
T50,GTYP_AVTT_LN,NA,NA
U48,GTYP_AVTT_LN,NA,NA
V50,GTYP_AVTT_LN,NA,NA
W46,GTYP_AVTT_LN,NA,NA
BC48,GTYP_AVTT_LS,NA,NA
BD48,GTYP_AVTT_LS,NA,NA
BE48,GTYP_AVTT_LS,NA,NA
J11,GTYP_AVTT_RN,NA,NA
K9,GTYP_AVTT_RN,NA,NA
L11,GTYP_AVTT_RN,NA,NA
M9,GTYP_AVTT_RN,NA,NA
P9,GTYP_AVTT_RN,NA,NA
T9,GTYP_AVTT_RN,NA,NA
V9,GTYP_AVTT_RN,NA,NA
AT13,GTYP_LPD_AVCCAUX_RLC,NA,NA
AV13,GTYP_LPD_AVCCAUX_RLC,NA,NA
AW11,GTYP_LPD_AVCCAUX_RS,NA,NA
AY13,GTYP_LPD_AVCCAUX_RS,NA,NA
AN13,GTYP_LPD_AVCC_RLC,NA,NA
AP13,GTYP_LPD_AVCC_RLC,NA,NA
BA11,GTYP_LPD_AVCC_RS,NA,NA
BC11,GTYP_LPD_AVCC_RS,NA,NA
AN11,GTYP_LPD_AVTT_RLC,NA,NA
AR11,GTYP_LPD_AVTT_RLC,NA,NA
AU11,GTYP_LPD_AVTT_RLC,NA,NA
AY9,GTYP_LPD_AVTT_RS,NA,NA
BB9,GTYP_LPD_AVTT_RS,NA,NA
BD9,GTYP_LPD_AVTT_RS,NA,NA
J30,MODE0_503,503,PMCDIO
K30,MODE1_503,503,PMCDIO
L29,MODE2_503,503,PMCDIO
K29,MODE3_503,503,PMCDIO
AA11,NC,NA,NA 
AA12,NC,NA,NA 
AA13,NC,NA,NA 
AA4,NC,NA,NA 
AA5,NC,NA,NA 
AA52,NC,NA,NA 
AA53,NC,NA,NA 
AA57,NC,NA,NA 
AA58,NC,NA,NA 
AB1,NC,NA,NA 
AB10,NC,NA,NA 
AB11,NC,NA,NA 
AB13,NC,NA,NA 
AB18,RSVD_VCCINT_GT,NA,NA 
AB2,NC,NA,NA 
AB48,NC,NA,NA 
AB50,NC,NA,NA 
AB51,NC,NA,NA 
AB55,NC,NA,NA 
AB56,NC,NA,NA 
AB6,NC,NA,NA 
AB7,NC,NA,NA 
AB9,NC,NA,NA 
AC11,NC,NA,NA 
AC12,NC,NA,NA 
AC13,NC,NA,NA 
AC4,NC,NA,NA 
AC44,NC,NA,NA 
AC45,NC,NA,NA 
AC46,NC,NA,NA 
AC5,NC,NA,NA 
AC52,NC,NA,NA 
AC53,NC,NA,NA 
AC57,NC,NA,NA 
AC58,NC,NA,NA 
AC9,NC,NA,NA 
AD1,NC,NA,NA 
AD10,NC,NA,NA 
AD11,NC,NA,NA 
AD13,NC,NA,NA 
AD18,RSVD_VCCINT_GT,NA,NA 
AD2,NC,NA,NA 
AD44,NC,NA,NA 
AD46,NC,NA,NA 
AD47,NC,NA,NA 
AD48,NC,NA,NA 
AD50,NC,NA,NA 
AD51,NC,NA,NA 
AD55,NC,NA,NA 
AD56,NC,NA,NA 
AD6,NC,NA,NA 
AD7,NC,NA,NA 
AD9,NC,NA,NA 
AE11,NC,NA,NA 
AE44,NC,NA,NA 
AE45,NC,NA,NA 
AE46,NC,NA,NA 
AE52,NC,NA,NA 
AE53,NC,NA,NA 
AE57,NC,NA,NA 
AE58,NC,NA,NA 
AE9,NC,NA,NA 
AF13,NC,NA,NA 
AF18,RSVD_VCCINT_GT,NA,NA 
AF44,NC,NA,NA 
AF46,NC,NA,NA 
AF47,NC,NA,NA 
AF48,NC,NA,NA 
AF50,NC,NA,NA 
AF51,NC,NA,NA 
AF55,NC,NA,NA 
AF56,NC,NA,NA 
AG11,NC,NA,NA 
AG12,NC,NA,NA 
AG13,NC,NA,NA 
AG44,NC,NA,NA 
AG45,NC,NA,NA 
AG46,NC,NA,NA 
AH18,RSVD_VCCINT_GT,NA,NA 
AH44,NC,NA,NA 
AH46,NC,NA,NA 
AH47,NC,NA,NA 
AH48,NC,NA,NA 
AJ17,NC,NA,NA 
AJ46,NC,NA,NA 
AK18,RSVD_VCCINT_GT,NA,NA 
AK44,NC,NA,NA 
AK48,NC,NA,NA 
AL44,NC,NA,NA 
AL45,NC,NA,NA 
AL46,NC,NA,NA 
AM18,RSVD_VCCINT_GT,NA,NA 
AM44,NC,NA,NA 
AM48,NC,NA,NA 
C3,NC,NA,NA 
C4,NC,NA,NA 
D5,NC,NA,NA 
D6,NC,NA,NA 
E3,NC,NA,NA 
E4,NC,NA,NA 
F1,NC,NA,NA 
F2,NC,NA,NA 
F6,NC,NA,NA 
F7,NC,NA,NA 
G4,NC,NA,NA 
G5,NC,NA,NA 
H1,NC,NA,NA 
H2,NC,NA,NA 
H6,NC,NA,NA 
H7,NC,NA,NA 
J32,NC,NA,NA 
J33,NC,NA,NA 
J34,NC,NA,NA 
J35,NC,NA,NA 
J36,NC,NA,NA 
J37,NC,NA,NA 
J38,NC,NA,NA 
J39,NC,NA,NA 
J4,NC,NA,NA 
J40,NC,NA,NA 
J41,NC,NA,NA 
J42,NC,NA,NA 
J5,NC,NA,NA 
K1,NC,NA,NA 
K2,NC,NA,NA 
K32,NC,NA,NA 
K33,NC,NA,NA 
K34,NC,NA,NA 
K35,NC,NA,NA 
K37,NC,NA,NA 
K38,NC,NA,NA 
K39,NC,NA,NA 
K40,NC,NA,NA 
K42,NC,NA,NA 
K6,NC,NA,NA 
K7,NC,NA,NA 
L32,NC,NA,NA 
L34,NC,NA,NA 
L35,NC,NA,NA 
L36,NC,NA,NA 
L37,NC,NA,NA 
L39,NC,NA,NA 
L4,NC,NA,NA 
L40,NC,NA,NA 
L41,NC,NA,NA 
L42,NC,NA,NA 
L5,NC,NA,NA 
M1,NC,NA,NA 
M2,NC,NA,NA 
M32,NC,NA,NA 
M33,NC,NA,NA 
M34,NC,NA,NA 
M36,NC,NA,NA 
M37,NC,NA,NA 
M38,NC,NA,NA 
M39,NC,NA,NA 
M41,NC,NA,NA 
M42,NC,NA,NA 
M6,NC,NA,NA 
M7,NC,NA,NA 
N32,NC,NA,NA 
N33,NC,NA,NA 
N34,NC,NA,NA 
N35,NC,NA,NA 
N36,NC,NA,NA 
N37,NC,NA,NA 
N38,NC,NA,NA 
N39,NC,NA,NA 
N4,NC,NA,NA 
N40,NC,NA,NA 
N41,NC,NA,NA 
N5,NC,NA,NA 
N57,NC,NA,NA 
N58,NC,NA,NA 
P1,NC,NA,NA 
P18,RSVD_VCCINT_GT,NA,NA 
P2,NC,NA,NA 
P55,NC,NA,NA 
P56,NC,NA,NA 
P6,NC,NA,NA 
P7,NC,NA,NA 
R3,NC,NA,NA 
R4,NC,NA,NA 
R52,NC,NA,NA 
R53,NC,NA,NA 
R57,NC,NA,NA 
R58,NC,NA,NA 
T1,NC,NA,NA 
T18,RSVD_VCCINT_GT,NA,NA 
T2,NC,NA,NA 
T55,NC,NA,NA 
T56,NC,NA,NA 
T6,NC,NA,NA 
T7,NC,NA,NA 
U12,NC,NA,NA 
U13,NC,NA,NA 
U3,NC,NA,NA 
U4,NC,NA,NA 
U52,NC,NA,NA 
U53,NC,NA,NA 
U57,NC,NA,NA 
U58,NC,NA,NA 
V1,NC,NA,NA 
V10,NC,NA,NA 
V11,NC,NA,NA 
V18,RSVD_VCCINT_GT,NA,NA 
V2,NC,NA,NA 
V54,NC,NA,NA 
V55,NC,NA,NA 
V6,NC,NA,NA 
V7,NC,NA,NA 
W12,NC,NA,NA 
W13,NC,NA,NA 
W3,NC,NA,NA 
W4,NC,NA,NA 
W52,NC,NA,NA 
W53,NC,NA,NA 
W57,NC,NA,NA 
W58,NC,NA,NA 
Y1,NC,NA,NA 
Y10,NC,NA,NA 
Y11,NC,NA,NA 
Y13,NC,NA,NA 
Y18,RSVD_VCCINT_GT,NA,NA 
Y2,NC,NA,NA 
Y49,NC,NA,NA 
Y50,NC,NA,NA 
Y54,NC,NA,NA 
Y55,NC,NA,NA 
Y6,NC,NA,NA 
Y7,NC,NA,NA 
AV17,POR_B_503,503,PMCDIO
M29,PUDC_B_503,503,PMCDIO
AL17,REF_CLK_503,503,PMCDIO
AY21,RSVDGND,NA,PMCDIO
AY22,RSVDGND,NA,PMCDIO
AT26,VCCAUX,NA,NA
AT28,VCCAUX,NA,NA
AT30,VCCAUX,NA,NA
AT32,VCCAUX,NA,NA
AT34,VCCAUX,NA,NA
AU25,VCCAUX,NA,NA
AU27,VCCAUX,NA,NA
AU29,VCCAUX,NA,NA
AU31,VCCAUX,NA,NA
AU33,VCCAUX,NA,NA
AE17,VCCAUX_PMC,NA,NA
AG17,VCCAUX_PMC,NA,NA
AH16,VCCAUX_PMC,NA,NA
AK16,VCCAUX_PMC,NA,NA
AU21,VCCAUX_SMON,NA,NA
AA19,VCCINT,NA,NA
AA21,VCCINT,NA,NA
AA23,VCCINT,NA,NA
AA25,VCCINT,NA,NA
AA27,VCCINT,NA,NA
AA29,VCCINT,NA,NA
AA31,VCCINT,NA,NA
AA33,VCCINT,NA,NA
AA35,VCCINT,NA,NA
AA37,VCCINT,NA,NA
AA39,VCCINT,NA,NA
AA41,VCCINT,NA,NA
AB40,VCCINT,NA,NA
AC19,VCCINT,NA,NA
AC21,VCCINT,NA,NA
AC39,VCCINT,NA,NA
AC41,VCCINT,NA,NA
AD20,VCCINT,NA,NA
AD24,VCCINT,NA,NA
AD26,VCCINT,NA,NA
AD28,VCCINT,NA,NA
AD30,VCCINT,NA,NA
AD32,VCCINT,NA,NA
AD34,VCCINT,NA,NA
AD36,VCCINT,NA,NA
AD38,VCCINT,NA,NA
AD40,VCCINT,NA,NA
AE19,VCCINT,NA,NA
AE21,VCCINT,NA,NA
AE23,VCCINT,NA,NA
AE35,VCCINT,NA,NA
AE37,VCCINT,NA,NA
AE39,VCCINT,NA,NA
AE41,VCCINT,NA,NA
AF20,VCCINT,NA,NA
AF22,VCCINT,NA,NA
AF24,VCCINT,NA,NA
AF36,VCCINT,NA,NA
AF38,VCCINT,NA,NA
AF40,VCCINT,NA,NA
AG19,VCCINT,NA,NA
AG21,VCCINT,NA,NA
AG23,VCCINT,NA,NA
AG35,VCCINT,NA,NA
AG37,VCCINT,NA,NA
AG39,VCCINT,NA,NA
AG41,VCCINT,NA,NA
AH20,VCCINT,NA,NA
AH22,VCCINT,NA,NA
AH24,VCCINT,NA,NA
AH36,VCCINT,NA,NA
AH38,VCCINT,NA,NA
AH40,VCCINT,NA,NA
AJ19,VCCINT,NA,NA
AJ21,VCCINT,NA,NA
AJ23,VCCINT,NA,NA
AJ35,VCCINT,NA,NA
AJ37,VCCINT,NA,NA
AJ39,VCCINT,NA,NA
AJ41,VCCINT,NA,NA
AK20,VCCINT,NA,NA
AK22,VCCINT,NA,NA
AK24,VCCINT,NA,NA
AK36,VCCINT,NA,NA
AK38,VCCINT,NA,NA
AK40,VCCINT,NA,NA
AL19,VCCINT,NA,NA
AL21,VCCINT,NA,NA
AL23,VCCINT,NA,NA
AL35,VCCINT,NA,NA
AL37,VCCINT,NA,NA
AL39,VCCINT,NA,NA
AL41,VCCINT,NA,NA
AM24,VCCINT,NA,NA
AM40,VCCINT,NA,NA
AN19,VCCINT,NA,NA
AN35,VCCINT,NA,NA
AN41,VCCINT,NA,NA
AP18,VCCINT,NA,NA
AP20,VCCINT,NA,NA
AP22,VCCINT,NA,NA
AP24,VCCINT,NA,NA
AP36,VCCINT,NA,NA
AP38,VCCINT,NA,NA
AP40,VCCINT,NA,NA
AR19,VCCINT,NA,NA
AR21,VCCINT,NA,NA
AR23,VCCINT,NA,NA
AR25,VCCINT,NA,NA
AR27,VCCINT,NA,NA
AR29,VCCINT,NA,NA
AR31,VCCINT,NA,NA
AR33,VCCINT,NA,NA
AR35,VCCINT,NA,NA
AR37,VCCINT,NA,NA
AR39,VCCINT,NA,NA
AR41,VCCINT,NA,NA
AT20,VCCINT,NA,NA
AT22,VCCINT,NA,NA
AT24,VCCINT,NA,NA
AT36,VCCINT,NA,NA
AT38,VCCINT,NA,NA
AT40,VCCINT,NA,NA
AU23,VCCINT,NA,NA
AU35,VCCINT,NA,NA
AU37,VCCINT,NA,NA
AU39,VCCINT,NA,NA
AU41,VCCINT,NA,NA
AV20,VCCINT,NA,NA
AV24,VCCINT,NA,NA
AV26,VCCINT,NA,NA
AV28,VCCINT,NA,NA
AV30,VCCINT,NA,NA
AV32,VCCINT,NA,NA
AV34,VCCINT,NA,NA
AV36,VCCINT,NA,NA
AV38,VCCINT,NA,NA
AV40,VCCINT,NA,NA
AW23,VCCINT,NA,NA
AW35,VCCINT,NA,NA
AW37,VCCINT,NA,NA
AW39,VCCINT,NA,NA
AW41,VCCINT,NA,NA
AY20,VCCINT,NA,NA
AY24,VCCINT,NA,NA
AY36,VCCINT,NA,NA
AY38,VCCINT,NA,NA
AY40,VCCINT,NA,NA
BA21,VCCINT,NA,NA
BA23,VCCINT,NA,NA
BA24,VCCINT,NA,NA
BA26,VCCINT,NA,NA
BA27,VCCINT,NA,NA
BA29,VCCINT,NA,NA
BA30,VCCINT,NA,NA
BA32,VCCINT,NA,NA
BA33,VCCINT,NA,NA
BA35,VCCINT,NA,NA
BA36,VCCINT,NA,NA
BA38,VCCINT,NA,NA
BA39,VCCINT,NA,NA
BA41,VCCINT,NA,NA
BA42,VCCINT,NA,NA
BB20,VCCINT,NA,NA
BB22,VCCINT,NA,NA
BB23,VCCINT,NA,NA
BB25,VCCINT,NA,NA
BB26,VCCINT,NA,NA
BB28,VCCINT,NA,NA
BB29,VCCINT,NA,NA
BB31,VCCINT,NA,NA
BB32,VCCINT,NA,NA
BB34,VCCINT,NA,NA
BB35,VCCINT,NA,NA
BB37,VCCINT,NA,NA
BB38,VCCINT,NA,NA
BB40,VCCINT,NA,NA
BB41,VCCINT,NA,NA
R19,VCCINT,NA,NA
R20,VCCINT,NA,NA
R22,VCCINT,NA,NA
R23,VCCINT,NA,NA
R25,VCCINT,NA,NA
R26,VCCINT,NA,NA
R28,VCCINT,NA,NA
R29,VCCINT,NA,NA
R31,VCCINT,NA,NA
R32,VCCINT,NA,NA
R34,VCCINT,NA,NA
R35,VCCINT,NA,NA
R37,VCCINT,NA,NA
R38,VCCINT,NA,NA
R40,VCCINT,NA,NA
R41,VCCINT,NA,NA
T19,VCCINT,NA,NA
T21,VCCINT,NA,NA
T22,VCCINT,NA,NA
T24,VCCINT,NA,NA
T25,VCCINT,NA,NA
T27,VCCINT,NA,NA
T28,VCCINT,NA,NA
T30,VCCINT,NA,NA
T31,VCCINT,NA,NA
T33,VCCINT,NA,NA
T34,VCCINT,NA,NA
T36,VCCINT,NA,NA
T37,VCCINT,NA,NA
T39,VCCINT,NA,NA
T40,VCCINT,NA,NA
U19,VCCINT,NA,NA
U21,VCCINT,NA,NA
U23,VCCINT,NA,NA
U25,VCCINT,NA,NA
U27,VCCINT,NA,NA
U29,VCCINT,NA,NA
U31,VCCINT,NA,NA
U33,VCCINT,NA,NA
U35,VCCINT,NA,NA
U37,VCCINT,NA,NA
U39,VCCINT,NA,NA
U41,VCCINT,NA,NA
V20,VCCINT,NA,NA
V22,VCCINT,NA,NA
V24,VCCINT,NA,NA
V26,VCCINT,NA,NA
V28,VCCINT,NA,NA
V30,VCCINT,NA,NA
V32,VCCINT,NA,NA
V34,VCCINT,NA,NA
V36,VCCINT,NA,NA
V38,VCCINT,NA,NA
V40,VCCINT,NA,NA
W19,VCCINT,NA,NA
W21,VCCINT,NA,NA
W23,VCCINT,NA,NA
W35,VCCINT,NA,NA
W37,VCCINT,NA,NA
W39,VCCINT,NA,NA
W41,VCCINT,NA,NA
Y20,VCCINT,NA,NA
Y22,VCCINT,NA,NA
Y24,VCCINT,NA,NA
Y36,VCCINT,NA,NA
Y38,VCCINT,NA,NA
Y40,VCCINT,NA,NA
AB42,VCCINT_GT_L,NA,NA
AD42,VCCINT_GT_L,NA,NA
AF42,VCCINT_GT_L,NA,NA
AH42,VCCINT_GT_L,NA,NA
AK42,VCCINT_GT_L,NA,NA
AM42,VCCINT_GT_L,NA,NA
AP42,VCCINT_GT_L,NA,NA
AT42,VCCINT_GT_L,NA,NA
AV42,VCCINT_GT_L,NA,NA
AY42,VCCINT_GT_L,NA,NA
P42,VCCINT_GT_L,NA,NA
T42,VCCINT_GT_L,NA,NA
V42,VCCINT_GT_L,NA,NA
Y42,VCCINT_GT_L,NA,NA
AD22,VCCINT_SENSE,NA,NA
AE15,VCCO_503,503,NA
AF16,VCCO_503,503,NA
AG15,VCC_BATT,NA,NA
AT18,VCC_CPM5,NA,NA
AU19,VCC_CPM5,NA,NA
AV18,VCC_CPM5,NA,NA
AW19,VCC_CPM5,NA,NA
AY18,VCC_CPM5,NA,NA
BA19,VCC_CPM5,NA,NA
BB18,VCC_CPM5,NA,NA
AJ15,VCC_FUSE,NA,NA
BC28,VCC_IO,NA,NA
BC30,VCC_IO,NA,NA
BC32,VCC_IO,NA,NA
BD29,VCC_IO,NA,NA
BD31,VCC_IO,NA,NA
AL15,VCC_PMC,NA,NA
AM16,VCC_PMC,NA,NA
AN15,VCC_PMC,NA,NA
AN17,VCC_PMC,NA,NA
AU15,VCC_PSLP,NA,NA
AV15,VCC_PSLP,NA,NA
AW16,VCC_PSLP,NA,NA
AW17,VCC_PSLP,NA,NA
AC23,VCC_RAM,NA,NA
AC25,VCC_RAM,NA,NA
AC27,VCC_RAM,NA,NA
AC29,VCC_RAM,NA,NA
AC31,VCC_RAM,NA,NA
AC33,VCC_RAM,NA,NA
AC35,VCC_RAM,NA,NA
AC37,VCC_RAM,NA,NA
AB21,VCC_SOC,NA,NA
AB22,VCC_SOC,NA,NA
AB24,VCC_SOC,NA,NA
AB25,VCC_SOC,NA,NA
AB27,VCC_SOC,NA,NA
AB28,VCC_SOC,NA,NA
AB30,VCC_SOC,NA,NA
AB31,VCC_SOC,NA,NA
AB33,VCC_SOC,NA,NA
AB34,VCC_SOC,NA,NA
AB36,VCC_SOC,NA,NA
AB37,VCC_SOC,NA,NA
AM20,VCC_SOC,NA,NA
AM21,VCC_SOC,NA,NA
AM23,VCC_SOC,NA,NA
AM36,VCC_SOC,NA,NA
AM38,VCC_SOC,NA,NA
AM39,VCC_SOC,NA,NA
AN20,VCC_SOC,NA,NA
AN22,VCC_SOC,NA,NA
AN23,VCC_SOC,NA,NA
AN37,VCC_SOC,NA,NA
AN38,VCC_SOC,NA,NA
BC19,VCC_SOC,NA,NA
BC21,VCC_SOC,NA,NA
BC22,VCC_SOC,NA,NA
BC24,VCC_SOC,NA,NA
BC25,VCC_SOC,NA,NA
BC27,VCC_SOC,NA,NA
BC34,VCC_SOC,NA,NA
BC36,VCC_SOC,NA,NA
BC37,VCC_SOC,NA,NA
BC39,VCC_SOC,NA,NA
BC40,VCC_SOC,NA,NA
BC42,VCC_SOC,NA,NA
BD18,VCC_SOC,NA,NA
BD20,VCC_SOC,NA,NA
BD21,VCC_SOC,NA,NA
BD23,VCC_SOC,NA,NA
BD38,VCC_SOC,NA,NA
BD39,VCC_SOC,NA,NA
BD41,VCC_SOC,NA,NA
BD42,VCC_SOC,NA,NA
P20,VCC_SOC,NA,NA
P21,VCC_SOC,NA,NA
P23,VCC_SOC,NA,NA
P24,VCC_SOC,NA,NA
P26,VCC_SOC,NA,NA
P27,VCC_SOC,NA,NA
P29,VCC_SOC,NA,NA
P30,VCC_SOC,NA,NA
P32,VCC_SOC,NA,NA
P33,VCC_SOC,NA,NA
P35,VCC_SOC,NA,NA
P36,VCC_SOC,NA,NA
P38,VCC_SOC,NA,NA
P39,VCC_SOC,NA,NA
P41,VCC_SOC,NA,NA
AW22,VN_500,NA,PMCDIO
AV21,VP_500,NA,PMCDIO
AV22,VREFN_500,NA,PMCDIO
AW21,VREFP_500,NA,PMCDIO
